{"v":"5.7.11","fr":23.9759979248047,"ip":0,"op":214.9999813911,"w":1191,"h":842,"nm":"linkedin 2","ddd":0,"assets":[{"id":"image_0","w":30,"h":27,"u":"images/","p":"img_0.png","e":0},{"id":"image_1","w":261,"h":261,"u":"images/","p":"img_1.png","e":0},{"id":"image_2","w":1229,"h":474,"u":"images/","p":"img_2.png","e":0},{"id":"image_3","w":37,"h":32,"u":"images/","p":"img_3.png","e":0},{"id":"image_4","w":218,"h":170,"u":"images/","p":"img_4.png","e":0},{"id":"image_5","w":85,"h":122,"u":"images/","p":"img_5.png","e":0},{"id":"image_6","w":29,"h":26,"u":"images/","p":"img_6.png","e":0},{"id":"image_7","w":1196,"h":848,"u":"images/","p":"img_7.png","e":0},{"id":"comp_0","layers":[{"ddd":0,"ind":1,"ty":4,"nm":"Shape Layer 3","sr":1,"ks":{"o":{"a":0,"k":100,"ix":11},"r":{"a":0,"k":0,"ix":10},"p":{"a":1,"k":[{"i":{"x":0.833,"y":0.833},"o":{"x":0.167,"y":0.167},"t":0,"s":[286.5,506,0],"to":[0,5,0],"ti":[0,-5,0]},{"t":242.999978967615,"s":[286.5,536,0]}],"ix":2,"l":2},"a":{"a":0,"k":[308.065,-119.355,0],"ix":1,"l":2},"s":{"a":0,"k":[35,35,100],"ix":6,"l":2}},"ao":0,"shapes":[{"ty":"gr","it":[{"ty":"sr","sy":1,"d":1,"pt":{"a":0,"k":5,"ix":3},"p":{"a":0,"k":[0,0],"ix":4},"r":{"a":0,"k":136.93,"ix":5},"ir":{"a":0,"k":8.735,"ix":6},"is":{"a":0,"k":0,"ix":8},"or":{"a":0,"k":17.469,"ix":7},"os":{"a":0,"k":0,"ix":9},"ix":1,"nm":"Polystar Path 1","mn":"ADBE Vector Shape - Star","hd":false},{"ty":"fl","c":{"a":0,"k":[1,0.814783253389,0.439767186782,1],"ix":4},"o":{"a":0,"k":100,"ix":5},"r":1,"bm":0,"nm":"Fill 1","mn":"ADBE Vector Graphic - Fill","hd":false},{"ty":"tr","p":{"a":0,"k":[305.5,-121],"ix":2},"a":{"a":0,"k":[0,0],"ix":1},"s":{"a":0,"k":[100,100],"ix":3},"r":{"a":0,"k":0,"ix":6},"o":{"a":0,"k":100,"ix":7},"sk":{"a":0,"k":0,"ix":4},"sa":{"a":0,"k":0,"ix":5},"nm":"Transform"}],"nm":"Polystar 1","np":3,"cix":2,"bm":0,"ix":1,"mn":"ADBE Vector Group","hd":false}],"ip":0,"op":213.999981477653,"st":0,"bm":0},{"ddd":0,"ind":2,"ty":4,"nm":"Shape Layer 2","sr":1,"ks":{"o":{"a":0,"k":100,"ix":11},"r":{"a":0,"k":0,"ix":10},"p":{"a":0,"k":[171.5,357,0],"ix":2,"l":2},"a":{"a":0,"k":[308.065,-119.355,0],"ix":1,"l":2},"s":{"a":0,"k":[22,22,100],"ix":6,"l":2}},"ao":0,"shapes":[{"ty":"gr","it":[{"ty":"sr","sy":1,"d":1,"pt":{"a":0,"k":5,"ix":3},"p":{"a":0,"k":[0,0],"ix":4},"r":{"a":0,"k":136.93,"ix":5},"ir":{"a":0,"k":8.735,"ix":6},"is":{"a":0,"k":0,"ix":8},"or":{"a":0,"k":17.469,"ix":7},"os":{"a":0,"k":0,"ix":9},"ix":1,"nm":"Polystar Path 1","mn":"ADBE Vector Shape - Star","hd":false},{"ty":"fl","c":{"a":0,"k":[1,0.814783253389,0.439767186782,1],"ix":4},"o":{"a":0,"k":100,"ix":5},"r":1,"bm":0,"nm":"Fill 1","mn":"ADBE Vector Graphic - Fill","hd":false},{"ty":"tr","p":{"a":0,"k":[305.5,-121],"ix":2},"a":{"a":0,"k":[0,0],"ix":1},"s":{"a":0,"k":[100,100],"ix":3},"r":{"a":0,"k":0,"ix":6},"o":{"a":0,"k":100,"ix":7},"sk":{"a":0,"k":0,"ix":4},"sa":{"a":0,"k":0,"ix":5},"nm":"Transform"}],"nm":"Polystar 1","np":3,"cix":2,"bm":0,"ix":1,"mn":"ADBE Vector Group","hd":false}],"ip":0,"op":213.999981477653,"st":0,"bm":0},{"ddd":0,"ind":3,"ty":4,"nm":"NO! 9 Outlines","sr":1,"ks":{"o":{"a":0,"k":100,"ix":11},"r":{"a":0,"k":-47,"ix":10},"p":{"a":0,"k":[476.375,328.125,0],"ix":2,"l":2},"a":{"a":0,"k":[-12.328,-7.645,0],"ix":1,"l":2},"s":{"a":0,"k":[42,42,100],"ix":6,"l":2}},"ao":0,"shapes":[{"ty":"gr","it":[{"ind":0,"ty":"sh","ix":1,"ks":{"a":0,"k":{"i":[[0,0],[0,0],[0,0],[0,0],[0,0],[0,0],[0,0],[0,0]],"o":[[0,0],[0,0],[0,0],[0,0],[0,0],[0,0],[0,0],[0,0]],"v":[[1.098,0.441],[9.389,-0.026],[8.985,-6.143],[20.05,-1.192],[21.379,-20.969],[12.769,-21.488],[12.509,-12.908],[1.473,-21.125]],"c":true},"ix":2},"nm":"N","mn":"ADBE Vector Shape - Group","hd":false},{"ty":"fl","c":{"a":0,"k":[1,1,1,1],"ix":4},"o":{"a":0,"k":100,"ix":5},"r":1,"bm":0,"nm":"Fill 1","mn":"ADBE Vector Graphic - Fill","hd":false},{"ty":"tr","p":{"a":0,"k":[0,0],"ix":2},"a":{"a":0,"k":[0,0],"ix":1},"s":{"a":0,"k":[100,100],"ix":3},"r":{"a":0,"k":0,"ix":6},"o":{"a":0,"k":100,"ix":7},"sk":{"a":0,"k":0,"ix":4},"sa":{"a":0,"k":0,"ix":5},"nm":"Transform"}],"nm":"N","np":3,"cix":2,"bm":0,"ix":1,"mn":"ADBE Vector Group","hd":false},{"ty":"gr","it":[{"ind":0,"ty":"sh","ix":1,"ks":{"a":0,"k":{"i":[[-0.713,1.426],[-0.164,1.4],[0.298,1.305],[0.597,1.037],[0.645,0.544],[0.924,0.38],[1.146,0.113],[1.31,-0.294],[1.223,-0.622],[0.982,-0.855],[0.693,-1.054],[0.308,-1.183],[-0.125,-1.279],[-0.655,-1.296],[-0.924,-0.726],[-1.108,-0.354],[-1.204,-0.017],[-1.137,0.242],[-0.992,0.467],[-0.693,0.622]],"o":[[0.712,-1.426],[0.163,-1.4],[-0.299,-1.305],[-0.328,-0.553],[-0.646,-0.544],[-0.924,-0.38],[-1.146,-0.112],[-1.387,0.328],[-1.223,0.622],[-0.982,0.855],[-0.693,1.054],[-0.308,1.184],[0.125,1.279],[0.578,1.158],[0.924,0.726],[1.107,0.354],[1.203,0.017],[1.136,-0.242],[0.992,-0.467],[1.406,-1.296]],"v":[[41.746,-6.208],[43.06,-10.446],[42.858,-14.502],[41.515,-18.014],[40.056,-19.66],[37.701,-21.047],[34.596,-21.786],[30.912,-21.514],[26.997,-20.088],[23.69,-17.872],[21.176,-15.008],[19.674,-11.651],[19.399,-7.957],[20.569,-4.095],[22.823,-1.27],[25.871,0.35],[29.338,0.907],[32.848,0.57],[36.04,-0.492],[38.568,-2.125]],"c":true},"ix":2},"nm":"O","mn":"ADBE Vector Shape - Group","hd":false},{"ind":1,"ty":"sh","ix":2,"ks":{"a":0,"k":{"i":[[-0.097,-0.397],[0.048,-0.484],[0.221,-0.579],[0.481,-0.674],[0.481,-0.337],[0.549,-0.173],[0.558,0.026],[0.433,0.251],[0.279,0.518],[-0.019,0.829],[-0.337,0.726],[-0.52,0.51],[-0.636,0.285],[-0.617,0.035],[-0.53,-0.242],[-0.289,-0.553]],"o":[[0.096,0.398],[-0.048,0.484],[-0.222,0.579],[-0.328,0.45],[-0.482,0.337],[-0.549,0.173],[-0.559,-0.026],[-0.433,-0.25],[-0.279,-0.518],[0,-0.881],[0.337,-0.726],[0.52,-0.509],[0.636,-0.285],[0.616,-0.034],[0.529,0.242],[0.173,0.311]],"v":[[35.13,-12.105],[35.202,-10.783],[34.798,-9.189],[33.743,-7.309],[32.53,-6.13],[30.984,-5.365],[29.323,-5.145],[27.835,-5.56],[26.766,-6.713],[26.376,-8.735],[26.882,-11.146],[28.168,-12.999],[29.901,-14.191],[31.779,-14.671],[33.498,-14.36],[34.726,-13.167]],"c":true},"ix":2},"nm":"O","mn":"ADBE Vector Shape - Group","hd":false},{"ty":"mm","mm":1,"nm":"Merge Paths 1","mn":"ADBE Vector Filter - Merge","hd":false},{"ty":"fl","c":{"a":0,"k":[1,1,1,1],"ix":4},"o":{"a":0,"k":100,"ix":5},"r":1,"bm":0,"nm":"Fill 1","mn":"ADBE Vector Graphic - Fill","hd":false},{"ty":"tr","p":{"a":0,"k":[0,0],"ix":2},"a":{"a":0,"k":[0,0],"ix":1},"s":{"a":0,"k":[100,100],"ix":3},"r":{"a":0,"k":0,"ix":6},"o":{"a":0,"k":100,"ix":7},"sk":{"a":0,"k":0,"ix":4},"sa":{"a":0,"k":0,"ix":5},"nm":"Transform"}],"nm":"O","np":5,"cix":2,"bm":0,"ix":2,"mn":"ADBE Vector Group","hd":false},{"ty":"gr","it":[{"ind":0,"ty":"sh","ix":1,"ks":{"a":0,"k":{"i":[[-0.578,-0.017],[-0.491,0.13],[-0.347,0.25],[-0.135,0.363],[0.096,0.398],[0.298,0.363],[0.472,0.303],[0.597,0.19],[0.578,0.026],[0.491,-0.121],[0.347,-0.259],[0.135,-0.363],[-0.106,-0.397],[-0.299,-0.363],[-0.472,-0.302],[-0.597,-0.19]],"o":[[0.578,0.017],[0.491,-0.13],[0.347,-0.251],[0.135,-0.363],[-0.097,-0.397],[-0.299,-0.363],[-0.472,-0.302],[-0.597,-0.173],[-0.578,-0.026],[-0.491,0.121],[-0.347,0.259],[-0.154,0.363],[0.106,0.398],[0.298,0.363],[0.472,0.302],[0.597,0.19]],"v":[[54.168,1.115],[55.772,0.946],[57.028,0.376],[57.751,-0.544],[57.808,-1.685],[57.216,-2.825],[56.061,-3.823],[54.457,-4.562],[52.695,-4.86],[51.092,-4.717],[49.835,-4.147],[49.113,-3.214],[49.04,-2.074],[49.647,-0.933],[50.803,0.065],[52.406,0.804]],"c":true},"ix":2},"nm":"!","mn":"ADBE Vector Shape - Group","hd":false},{"ind":1,"ty":"sh","ix":2,"ks":{"a":0,"k":{"i":[[0,0],[0,0],[0,0],[-0.646,0.095],[-0.713,-0.052],[-0.646,-0.198],[-0.501,-0.311]],"o":[[0,0],[0,0],[0.539,-0.224],[0.645,-0.095],[0.732,0.052],[0.645,0.199],[0,0]],"v":[[60.437,-24.106],[51.886,-23.795],[50.355,-5.858],[52.132,-6.337],[54.168,-6.402],[56.234,-6.026],[57.953,-5.262]],"c":true},"ix":2},"nm":"!","mn":"ADBE Vector Shape - Group","hd":false},{"ty":"mm","mm":1,"nm":"Merge Paths 1","mn":"ADBE Vector Filter - Merge","hd":false},{"ty":"fl","c":{"a":0,"k":[1,1,1,1],"ix":4},"o":{"a":0,"k":100,"ix":5},"r":1,"bm":0,"nm":"Fill 1","mn":"ADBE Vector Graphic - Fill","hd":false},{"ty":"tr","p":{"a":0,"k":[0,0],"ix":2},"a":{"a":0,"k":[0,0],"ix":1},"s":{"a":0,"k":[100,100],"ix":3},"r":{"a":0,"k":0,"ix":6},"o":{"a":0,"k":100,"ix":7},"sk":{"a":0,"k":0,"ix":4},"sa":{"a":0,"k":0,"ix":5},"nm":"Transform"}],"nm":"!","np":5,"cix":2,"bm":0,"ix":3,"mn":"ADBE Vector Group","hd":false}],"ip":137.999988055683,"op":156.999986411175,"st":46.9999959320078,"bm":0},{"ddd":0,"ind":4,"ty":4,"nm":"NO! 6 Outlines","sr":1,"ks":{"o":{"a":0,"k":100,"ix":11},"r":{"a":0,"k":-47,"ix":10},"p":{"a":0,"k":[476.375,328.125,0],"ix":2,"l":2},"a":{"a":0,"k":[-12.328,-7.645,0],"ix":1,"l":2},"s":{"a":0,"k":[42,42,100],"ix":6,"l":2}},"ao":0,"shapes":[{"ty":"gr","it":[{"ind":0,"ty":"sh","ix":1,"ks":{"a":0,"k":{"i":[[0,0],[0,0],[0,0],[0,0],[0,0],[0,0],[0,0],[0,0]],"o":[[0,0],[0,0],[0,0],[0,0],[0,0],[0,0],[0,0],[0,0]],"v":[[1.098,0.441],[9.389,-0.026],[8.985,-6.143],[20.05,-1.192],[21.379,-20.969],[12.769,-21.488],[12.509,-12.908],[1.473,-21.125]],"c":true},"ix":2},"nm":"N","mn":"ADBE Vector Shape - Group","hd":false},{"ty":"fl","c":{"a":0,"k":[1,1,1,1],"ix":4},"o":{"a":0,"k":100,"ix":5},"r":1,"bm":0,"nm":"Fill 1","mn":"ADBE Vector Graphic - Fill","hd":false},{"ty":"tr","p":{"a":0,"k":[0,0],"ix":2},"a":{"a":0,"k":[0,0],"ix":1},"s":{"a":0,"k":[100,100],"ix":3},"r":{"a":0,"k":0,"ix":6},"o":{"a":0,"k":100,"ix":7},"sk":{"a":0,"k":0,"ix":4},"sa":{"a":0,"k":0,"ix":5},"nm":"Transform"}],"nm":"N","np":3,"cix":2,"bm":0,"ix":1,"mn":"ADBE Vector Group","hd":false},{"ty":"gr","it":[{"ind":0,"ty":"sh","ix":1,"ks":{"a":0,"k":{"i":[[-0.713,1.426],[-0.164,1.4],[0.298,1.305],[0.597,1.037],[0.645,0.544],[0.924,0.38],[1.146,0.113],[1.31,-0.294],[1.223,-0.622],[0.982,-0.855],[0.693,-1.054],[0.308,-1.183],[-0.125,-1.279],[-0.655,-1.296],[-0.924,-0.726],[-1.108,-0.354],[-1.204,-0.017],[-1.137,0.242],[-0.992,0.467],[-0.693,0.622]],"o":[[0.712,-1.426],[0.163,-1.4],[-0.299,-1.305],[-0.328,-0.553],[-0.646,-0.544],[-0.924,-0.38],[-1.146,-0.112],[-1.387,0.328],[-1.223,0.622],[-0.982,0.855],[-0.693,1.054],[-0.308,1.184],[0.125,1.279],[0.578,1.158],[0.924,0.726],[1.107,0.354],[1.203,0.017],[1.136,-0.242],[0.992,-0.467],[1.406,-1.296]],"v":[[41.746,-6.208],[43.06,-10.446],[42.858,-14.502],[41.515,-18.014],[40.056,-19.66],[37.701,-21.047],[34.596,-21.786],[30.912,-21.514],[26.997,-20.088],[23.69,-17.872],[21.176,-15.008],[19.674,-11.651],[19.399,-7.957],[20.569,-4.095],[22.823,-1.27],[25.871,0.35],[29.338,0.907],[32.848,0.57],[36.04,-0.492],[38.568,-2.125]],"c":true},"ix":2},"nm":"O","mn":"ADBE Vector Shape - Group","hd":false},{"ind":1,"ty":"sh","ix":2,"ks":{"a":0,"k":{"i":[[-0.097,-0.397],[0.048,-0.484],[0.221,-0.579],[0.481,-0.674],[0.481,-0.337],[0.549,-0.173],[0.558,0.026],[0.433,0.251],[0.279,0.518],[-0.019,0.829],[-0.337,0.726],[-0.52,0.51],[-0.636,0.285],[-0.617,0.035],[-0.53,-0.242],[-0.289,-0.553]],"o":[[0.096,0.398],[-0.048,0.484],[-0.222,0.579],[-0.328,0.45],[-0.482,0.337],[-0.549,0.173],[-0.559,-0.026],[-0.433,-0.25],[-0.279,-0.518],[0,-0.881],[0.337,-0.726],[0.52,-0.509],[0.636,-0.285],[0.616,-0.034],[0.529,0.242],[0.173,0.311]],"v":[[35.13,-12.105],[35.202,-10.783],[34.798,-9.189],[33.743,-7.309],[32.53,-6.13],[30.984,-5.365],[29.323,-5.145],[27.835,-5.56],[26.766,-6.713],[26.376,-8.735],[26.882,-11.146],[28.168,-12.999],[29.901,-14.191],[31.779,-14.671],[33.498,-14.36],[34.726,-13.167]],"c":true},"ix":2},"nm":"O","mn":"ADBE Vector Shape - Group","hd":false},{"ty":"mm","mm":1,"nm":"Merge Paths 1","mn":"ADBE Vector Filter - Merge","hd":false},{"ty":"fl","c":{"a":0,"k":[1,1,1,1],"ix":4},"o":{"a":0,"k":100,"ix":5},"r":1,"bm":0,"nm":"Fill 1","mn":"ADBE Vector Graphic - Fill","hd":false},{"ty":"tr","p":{"a":0,"k":[0,0],"ix":2},"a":{"a":0,"k":[0,0],"ix":1},"s":{"a":0,"k":[100,100],"ix":3},"r":{"a":0,"k":0,"ix":6},"o":{"a":0,"k":100,"ix":7},"sk":{"a":0,"k":0,"ix":4},"sa":{"a":0,"k":0,"ix":5},"nm":"Transform"}],"nm":"O","np":5,"cix":2,"bm":0,"ix":2,"mn":"ADBE Vector Group","hd":false},{"ty":"gr","it":[{"ind":0,"ty":"sh","ix":1,"ks":{"a":0,"k":{"i":[[-0.578,-0.017],[-0.491,0.13],[-0.347,0.25],[-0.135,0.363],[0.096,0.398],[0.298,0.363],[0.472,0.303],[0.597,0.19],[0.578,0.026],[0.491,-0.121],[0.347,-0.259],[0.135,-0.363],[-0.106,-0.397],[-0.299,-0.363],[-0.472,-0.302],[-0.597,-0.19]],"o":[[0.578,0.017],[0.491,-0.13],[0.347,-0.251],[0.135,-0.363],[-0.097,-0.397],[-0.299,-0.363],[-0.472,-0.302],[-0.597,-0.173],[-0.578,-0.026],[-0.491,0.121],[-0.347,0.259],[-0.154,0.363],[0.106,0.398],[0.298,0.363],[0.472,0.302],[0.597,0.19]],"v":[[54.168,1.115],[55.772,0.946],[57.028,0.376],[57.751,-0.544],[57.808,-1.685],[57.216,-2.825],[56.061,-3.823],[54.457,-4.562],[52.695,-4.86],[51.092,-4.717],[49.835,-4.147],[49.113,-3.214],[49.04,-2.074],[49.647,-0.933],[50.803,0.065],[52.406,0.804]],"c":true},"ix":2},"nm":"!","mn":"ADBE Vector Shape - Group","hd":false},{"ind":1,"ty":"sh","ix":2,"ks":{"a":0,"k":{"i":[[0,0],[0,0],[0,0],[-0.646,0.095],[-0.713,-0.052],[-0.646,-0.198],[-0.501,-0.311]],"o":[[0,0],[0,0],[0.539,-0.224],[0.645,-0.095],[0.732,0.052],[0.645,0.199],[0,0]],"v":[[60.437,-24.106],[51.886,-23.795],[50.355,-5.858],[52.132,-6.337],[54.168,-6.402],[56.234,-6.026],[57.953,-5.262]],"c":true},"ix":2},"nm":"!","mn":"ADBE Vector Shape - Group","hd":false},{"ty":"mm","mm":1,"nm":"Merge Paths 1","mn":"ADBE Vector Filter - Merge","hd":false},{"ty":"fl","c":{"a":0,"k":[1,1,1,1],"ix":4},"o":{"a":0,"k":100,"ix":5},"r":1,"bm":0,"nm":"Fill 1","mn":"ADBE Vector Graphic - Fill","hd":false},{"ty":"tr","p":{"a":0,"k":[0,0],"ix":2},"a":{"a":0,"k":[0,0],"ix":1},"s":{"a":0,"k":[100,100],"ix":3},"r":{"a":0,"k":0,"ix":6},"o":{"a":0,"k":100,"ix":7},"sk":{"a":0,"k":0,"ix":4},"sa":{"a":0,"k":0,"ix":5},"nm":"Transform"}],"nm":"!","np":5,"cix":2,"bm":0,"ix":3,"mn":"ADBE Vector Group","hd":false}],"ip":106.999990738826,"op":125.999989094319,"st":15.9999986151516,"bm":0},{"ddd":0,"ind":5,"ty":4,"nm":"NO! 3 Outlines","sr":1,"ks":{"o":{"a":0,"k":100,"ix":11},"r":{"a":0,"k":-47,"ix":10},"p":{"a":0,"k":[476.375,328.125,0],"ix":2,"l":2},"a":{"a":0,"k":[-12.328,-7.645,0],"ix":1,"l":2},"s":{"a":0,"k":[42,42,100],"ix":6,"l":2}},"ao":0,"shapes":[{"ty":"gr","it":[{"ind":0,"ty":"sh","ix":1,"ks":{"a":0,"k":{"i":[[0,0],[0,0],[0,0],[0,0],[0,0],[0,0],[0,0],[0,0]],"o":[[0,0],[0,0],[0,0],[0,0],[0,0],[0,0],[0,0],[0,0]],"v":[[1.098,0.441],[9.389,-0.026],[8.985,-6.143],[20.05,-1.192],[21.379,-20.969],[12.769,-21.488],[12.509,-12.908],[1.473,-21.125]],"c":true},"ix":2},"nm":"N","mn":"ADBE Vector Shape - Group","hd":false},{"ty":"fl","c":{"a":0,"k":[1,1,1,1],"ix":4},"o":{"a":0,"k":100,"ix":5},"r":1,"bm":0,"nm":"Fill 1","mn":"ADBE Vector Graphic - Fill","hd":false},{"ty":"tr","p":{"a":0,"k":[0,0],"ix":2},"a":{"a":0,"k":[0,0],"ix":1},"s":{"a":0,"k":[100,100],"ix":3},"r":{"a":0,"k":0,"ix":6},"o":{"a":0,"k":100,"ix":7},"sk":{"a":0,"k":0,"ix":4},"sa":{"a":0,"k":0,"ix":5},"nm":"Transform"}],"nm":"N","np":3,"cix":2,"bm":0,"ix":1,"mn":"ADBE Vector Group","hd":false},{"ty":"gr","it":[{"ind":0,"ty":"sh","ix":1,"ks":{"a":0,"k":{"i":[[-0.713,1.426],[-0.164,1.4],[0.298,1.305],[0.597,1.037],[0.645,0.544],[0.924,0.38],[1.146,0.113],[1.31,-0.294],[1.223,-0.622],[0.982,-0.855],[0.693,-1.054],[0.308,-1.183],[-0.125,-1.279],[-0.655,-1.296],[-0.924,-0.726],[-1.108,-0.354],[-1.204,-0.017],[-1.137,0.242],[-0.992,0.467],[-0.693,0.622]],"o":[[0.712,-1.426],[0.163,-1.4],[-0.299,-1.305],[-0.328,-0.553],[-0.646,-0.544],[-0.924,-0.38],[-1.146,-0.112],[-1.387,0.328],[-1.223,0.622],[-0.982,0.855],[-0.693,1.054],[-0.308,1.184],[0.125,1.279],[0.578,1.158],[0.924,0.726],[1.107,0.354],[1.203,0.017],[1.136,-0.242],[0.992,-0.467],[1.406,-1.296]],"v":[[41.746,-6.208],[43.06,-10.446],[42.858,-14.502],[41.515,-18.014],[40.056,-19.66],[37.701,-21.047],[34.596,-21.786],[30.912,-21.514],[26.997,-20.088],[23.69,-17.872],[21.176,-15.008],[19.674,-11.651],[19.399,-7.957],[20.569,-4.095],[22.823,-1.27],[25.871,0.35],[29.338,0.907],[32.848,0.57],[36.04,-0.492],[38.568,-2.125]],"c":true},"ix":2},"nm":"O","mn":"ADBE Vector Shape - Group","hd":false},{"ind":1,"ty":"sh","ix":2,"ks":{"a":0,"k":{"i":[[-0.097,-0.397],[0.048,-0.484],[0.221,-0.579],[0.481,-0.674],[0.481,-0.337],[0.549,-0.173],[0.558,0.026],[0.433,0.251],[0.279,0.518],[-0.019,0.829],[-0.337,0.726],[-0.52,0.51],[-0.636,0.285],[-0.617,0.035],[-0.53,-0.242],[-0.289,-0.553]],"o":[[0.096,0.398],[-0.048,0.484],[-0.222,0.579],[-0.328,0.45],[-0.482,0.337],[-0.549,0.173],[-0.559,-0.026],[-0.433,-0.25],[-0.279,-0.518],[0,-0.881],[0.337,-0.726],[0.52,-0.509],[0.636,-0.285],[0.616,-0.034],[0.529,0.242],[0.173,0.311]],"v":[[35.13,-12.105],[35.202,-10.783],[34.798,-9.189],[33.743,-7.309],[32.53,-6.13],[30.984,-5.365],[29.323,-5.145],[27.835,-5.56],[26.766,-6.713],[26.376,-8.735],[26.882,-11.146],[28.168,-12.999],[29.901,-14.191],[31.779,-14.671],[33.498,-14.36],[34.726,-13.167]],"c":true},"ix":2},"nm":"O","mn":"ADBE Vector Shape - Group","hd":false},{"ty":"mm","mm":1,"nm":"Merge Paths 1","mn":"ADBE Vector Filter - Merge","hd":false},{"ty":"fl","c":{"a":0,"k":[1,1,1,1],"ix":4},"o":{"a":0,"k":100,"ix":5},"r":1,"bm":0,"nm":"Fill 1","mn":"ADBE Vector Graphic - Fill","hd":false},{"ty":"tr","p":{"a":0,"k":[0,0],"ix":2},"a":{"a":0,"k":[0,0],"ix":1},"s":{"a":0,"k":[100,100],"ix":3},"r":{"a":0,"k":0,"ix":6},"o":{"a":0,"k":100,"ix":7},"sk":{"a":0,"k":0,"ix":4},"sa":{"a":0,"k":0,"ix":5},"nm":"Transform"}],"nm":"O","np":5,"cix":2,"bm":0,"ix":2,"mn":"ADBE Vector Group","hd":false},{"ty":"gr","it":[{"ind":0,"ty":"sh","ix":1,"ks":{"a":0,"k":{"i":[[-0.578,-0.017],[-0.491,0.13],[-0.347,0.25],[-0.135,0.363],[0.096,0.398],[0.298,0.363],[0.472,0.303],[0.597,0.19],[0.578,0.026],[0.491,-0.121],[0.347,-0.259],[0.135,-0.363],[-0.106,-0.397],[-0.299,-0.363],[-0.472,-0.302],[-0.597,-0.19]],"o":[[0.578,0.017],[0.491,-0.13],[0.347,-0.251],[0.135,-0.363],[-0.097,-0.397],[-0.299,-0.363],[-0.472,-0.302],[-0.597,-0.173],[-0.578,-0.026],[-0.491,0.121],[-0.347,0.259],[-0.154,0.363],[0.106,0.398],[0.298,0.363],[0.472,0.302],[0.597,0.19]],"v":[[54.168,1.115],[55.772,0.946],[57.028,0.376],[57.751,-0.544],[57.808,-1.685],[57.216,-2.825],[56.061,-3.823],[54.457,-4.562],[52.695,-4.86],[51.092,-4.717],[49.835,-4.147],[49.113,-3.214],[49.04,-2.074],[49.647,-0.933],[50.803,0.065],[52.406,0.804]],"c":true},"ix":2},"nm":"!","mn":"ADBE Vector Shape - Group","hd":false},{"ind":1,"ty":"sh","ix":2,"ks":{"a":0,"k":{"i":[[0,0],[0,0],[0,0],[-0.646,0.095],[-0.713,-0.052],[-0.646,-0.198],[-0.501,-0.311]],"o":[[0,0],[0,0],[0.539,-0.224],[0.645,-0.095],[0.732,0.052],[0.645,0.199],[0,0]],"v":[[60.437,-24.106],[51.886,-23.795],[50.355,-5.858],[52.132,-6.337],[54.168,-6.402],[56.234,-6.026],[57.953,-5.262]],"c":true},"ix":2},"nm":"!","mn":"ADBE Vector Shape - Group","hd":false},{"ty":"mm","mm":1,"nm":"Merge Paths 1","mn":"ADBE Vector Filter - Merge","hd":false},{"ty":"fl","c":{"a":0,"k":[1,1,1,1],"ix":4},"o":{"a":0,"k":100,"ix":5},"r":1,"bm":0,"nm":"Fill 1","mn":"ADBE Vector Graphic - Fill","hd":false},{"ty":"tr","p":{"a":0,"k":[0,0],"ix":2},"a":{"a":0,"k":[0,0],"ix":1},"s":{"a":0,"k":[100,100],"ix":3},"r":{"a":0,"k":0,"ix":6},"o":{"a":0,"k":100,"ix":7},"sk":{"a":0,"k":0,"ix":4},"sa":{"a":0,"k":0,"ix":5},"nm":"Transform"}],"nm":"!","np":5,"cix":2,"bm":0,"ix":3,"mn":"ADBE Vector Group","hd":false}],"ip":75.9999934219701,"op":94.9999917774627,"st":-14.9999987017046,"bm":0},{"ddd":0,"ind":6,"ty":4,"nm":"NO! 8 Outlines","sr":1,"ks":{"o":{"a":0,"k":100,"ix":11},"r":{"a":0,"k":-30,"ix":10},"p":{"a":0,"k":[491,335.5,0],"ix":2,"l":2},"a":{"a":0,"k":[0.805,-10.686,0],"ix":1,"l":2},"s":{"a":0,"k":[55,55,100],"ix":6,"l":2}},"ao":0,"shapes":[{"ty":"gr","it":[{"ind":0,"ty":"sh","ix":1,"ks":{"a":0,"k":{"i":[[0,0],[0,0],[0,0],[0,0],[0,0],[0,0],[0,0],[0,0]],"o":[[0,0],[0,0],[0,0],[0,0],[0,0],[0,0],[0,0],[0,0]],"v":[[1.098,0.441],[9.389,-0.026],[8.985,-6.143],[20.05,-1.192],[21.379,-20.969],[12.769,-21.488],[12.509,-12.908],[1.473,-21.125]],"c":true},"ix":2},"nm":"N","mn":"ADBE Vector Shape - Group","hd":false},{"ty":"fl","c":{"a":0,"k":[1,1,1,1],"ix":4},"o":{"a":0,"k":100,"ix":5},"r":1,"bm":0,"nm":"Fill 1","mn":"ADBE Vector Graphic - Fill","hd":false},{"ty":"tr","p":{"a":0,"k":[0,0],"ix":2},"a":{"a":0,"k":[0,0],"ix":1},"s":{"a":0,"k":[100,100],"ix":3},"r":{"a":0,"k":0,"ix":6},"o":{"a":0,"k":100,"ix":7},"sk":{"a":0,"k":0,"ix":4},"sa":{"a":0,"k":0,"ix":5},"nm":"Transform"}],"nm":"N","np":3,"cix":2,"bm":0,"ix":1,"mn":"ADBE Vector Group","hd":false},{"ty":"gr","it":[{"ind":0,"ty":"sh","ix":1,"ks":{"a":0,"k":{"i":[[-0.713,1.426],[-0.164,1.4],[0.298,1.305],[0.597,1.037],[0.645,0.544],[0.924,0.38],[1.146,0.113],[1.31,-0.294],[1.223,-0.622],[0.982,-0.855],[0.693,-1.054],[0.308,-1.183],[-0.125,-1.279],[-0.655,-1.296],[-0.924,-0.726],[-1.108,-0.354],[-1.204,-0.017],[-1.137,0.242],[-0.992,0.467],[-0.693,0.622]],"o":[[0.712,-1.426],[0.163,-1.4],[-0.299,-1.305],[-0.328,-0.553],[-0.646,-0.544],[-0.924,-0.38],[-1.146,-0.112],[-1.387,0.328],[-1.223,0.622],[-0.982,0.855],[-0.693,1.054],[-0.308,1.184],[0.125,1.279],[0.578,1.158],[0.924,0.726],[1.107,0.354],[1.203,0.017],[1.136,-0.242],[0.992,-0.467],[1.406,-1.296]],"v":[[41.746,-6.208],[43.06,-10.446],[42.858,-14.502],[41.515,-18.014],[40.056,-19.66],[37.701,-21.047],[34.596,-21.786],[30.912,-21.514],[26.997,-20.088],[23.69,-17.872],[21.176,-15.008],[19.674,-11.651],[19.399,-7.957],[20.569,-4.095],[22.823,-1.27],[25.871,0.35],[29.338,0.907],[32.848,0.57],[36.04,-0.492],[38.568,-2.125]],"c":true},"ix":2},"nm":"O","mn":"ADBE Vector Shape - Group","hd":false},{"ind":1,"ty":"sh","ix":2,"ks":{"a":0,"k":{"i":[[-0.097,-0.397],[0.048,-0.484],[0.221,-0.579],[0.481,-0.674],[0.481,-0.337],[0.549,-0.173],[0.558,0.026],[0.433,0.251],[0.279,0.518],[-0.019,0.829],[-0.337,0.726],[-0.52,0.51],[-0.636,0.285],[-0.617,0.035],[-0.53,-0.242],[-0.289,-0.553]],"o":[[0.096,0.398],[-0.048,0.484],[-0.222,0.579],[-0.328,0.45],[-0.482,0.337],[-0.549,0.173],[-0.559,-0.026],[-0.433,-0.25],[-0.279,-0.518],[0,-0.881],[0.337,-0.726],[0.52,-0.509],[0.636,-0.285],[0.616,-0.034],[0.529,0.242],[0.173,0.311]],"v":[[35.13,-12.105],[35.202,-10.783],[34.798,-9.189],[33.743,-7.309],[32.53,-6.13],[30.984,-5.365],[29.323,-5.145],[27.835,-5.56],[26.766,-6.713],[26.376,-8.735],[26.882,-11.146],[28.168,-12.999],[29.901,-14.191],[31.779,-14.671],[33.498,-14.36],[34.726,-13.167]],"c":true},"ix":2},"nm":"O","mn":"ADBE Vector Shape - Group","hd":false},{"ty":"mm","mm":1,"nm":"Merge Paths 1","mn":"ADBE Vector Filter - Merge","hd":false},{"ty":"fl","c":{"a":0,"k":[1,1,1,1],"ix":4},"o":{"a":0,"k":100,"ix":5},"r":1,"bm":0,"nm":"Fill 1","mn":"ADBE Vector Graphic - Fill","hd":false},{"ty":"tr","p":{"a":0,"k":[0,0],"ix":2},"a":{"a":0,"k":[0,0],"ix":1},"s":{"a":0,"k":[100,100],"ix":3},"r":{"a":0,"k":0,"ix":6},"o":{"a":0,"k":100,"ix":7},"sk":{"a":0,"k":0,"ix":4},"sa":{"a":0,"k":0,"ix":5},"nm":"Transform"}],"nm":"O","np":5,"cix":2,"bm":0,"ix":2,"mn":"ADBE Vector Group","hd":false},{"ty":"gr","it":[{"ind":0,"ty":"sh","ix":1,"ks":{"a":0,"k":{"i":[[-0.578,-0.017],[-0.491,0.13],[-0.347,0.25],[-0.135,0.363],[0.096,0.398],[0.298,0.363],[0.472,0.303],[0.597,0.19],[0.578,0.026],[0.491,-0.121],[0.347,-0.259],[0.135,-0.363],[-0.106,-0.397],[-0.299,-0.363],[-0.472,-0.302],[-0.597,-0.19]],"o":[[0.578,0.017],[0.491,-0.13],[0.347,-0.251],[0.135,-0.363],[-0.097,-0.397],[-0.299,-0.363],[-0.472,-0.302],[-0.597,-0.173],[-0.578,-0.026],[-0.491,0.121],[-0.347,0.259],[-0.154,0.363],[0.106,0.398],[0.298,0.363],[0.472,0.302],[0.597,0.19]],"v":[[54.168,1.115],[55.772,0.946],[57.028,0.376],[57.751,-0.544],[57.808,-1.685],[57.216,-2.825],[56.061,-3.823],[54.457,-4.562],[52.695,-4.86],[51.092,-4.717],[49.835,-4.147],[49.113,-3.214],[49.04,-2.074],[49.647,-0.933],[50.803,0.065],[52.406,0.804]],"c":true},"ix":2},"nm":"!","mn":"ADBE Vector Shape - Group","hd":false},{"ind":1,"ty":"sh","ix":2,"ks":{"a":0,"k":{"i":[[0,0],[0,0],[0,0],[-0.646,0.095],[-0.713,-0.052],[-0.646,-0.198],[-0.501,-0.311]],"o":[[0,0],[0,0],[0.539,-0.224],[0.645,-0.095],[0.732,0.052],[0.645,0.199],[0,0]],"v":[[60.437,-24.106],[51.886,-23.795],[50.355,-5.858],[52.132,-6.337],[54.168,-6.402],[56.234,-6.026],[57.953,-5.262]],"c":true},"ix":2},"nm":"!","mn":"ADBE Vector Shape - Group","hd":false},{"ty":"mm","mm":1,"nm":"Merge Paths 1","mn":"ADBE Vector Filter - Merge","hd":false},{"ty":"fl","c":{"a":0,"k":[1,1,1,1],"ix":4},"o":{"a":0,"k":100,"ix":5},"r":1,"bm":0,"nm":"Fill 1","mn":"ADBE Vector Graphic - Fill","hd":false},{"ty":"tr","p":{"a":0,"k":[0,0],"ix":2},"a":{"a":0,"k":[0,0],"ix":1},"s":{"a":0,"k":[100,100],"ix":3},"r":{"a":0,"k":0,"ix":6},"o":{"a":0,"k":100,"ix":7},"sk":{"a":0,"k":0,"ix":4},"sa":{"a":0,"k":0,"ix":5},"nm":"Transform"}],"nm":"!","np":5,"cix":2,"bm":0,"ix":3,"mn":"ADBE Vector Group","hd":false}],"ip":142.999987622918,"op":158.999986238069,"st":56.9999950664776,"bm":0},{"ddd":0,"ind":7,"ty":4,"nm":"NO! 5 Outlines","sr":1,"ks":{"o":{"a":0,"k":100,"ix":11},"r":{"a":0,"k":-30,"ix":10},"p":{"a":0,"k":[491,335.5,0],"ix":2,"l":2},"a":{"a":0,"k":[0.805,-10.686,0],"ix":1,"l":2},"s":{"a":0,"k":[55,55,100],"ix":6,"l":2}},"ao":0,"shapes":[{"ty":"gr","it":[{"ind":0,"ty":"sh","ix":1,"ks":{"a":0,"k":{"i":[[0,0],[0,0],[0,0],[0,0],[0,0],[0,0],[0,0],[0,0]],"o":[[0,0],[0,0],[0,0],[0,0],[0,0],[0,0],[0,0],[0,0]],"v":[[1.098,0.441],[9.389,-0.026],[8.985,-6.143],[20.05,-1.192],[21.379,-20.969],[12.769,-21.488],[12.509,-12.908],[1.473,-21.125]],"c":true},"ix":2},"nm":"N","mn":"ADBE Vector Shape - Group","hd":false},{"ty":"fl","c":{"a":0,"k":[1,1,1,1],"ix":4},"o":{"a":0,"k":100,"ix":5},"r":1,"bm":0,"nm":"Fill 1","mn":"ADBE Vector Graphic - Fill","hd":false},{"ty":"tr","p":{"a":0,"k":[0,0],"ix":2},"a":{"a":0,"k":[0,0],"ix":1},"s":{"a":0,"k":[100,100],"ix":3},"r":{"a":0,"k":0,"ix":6},"o":{"a":0,"k":100,"ix":7},"sk":{"a":0,"k":0,"ix":4},"sa":{"a":0,"k":0,"ix":5},"nm":"Transform"}],"nm":"N","np":3,"cix":2,"bm":0,"ix":1,"mn":"ADBE Vector Group","hd":false},{"ty":"gr","it":[{"ind":0,"ty":"sh","ix":1,"ks":{"a":0,"k":{"i":[[-0.713,1.426],[-0.164,1.4],[0.298,1.305],[0.597,1.037],[0.645,0.544],[0.924,0.38],[1.146,0.113],[1.31,-0.294],[1.223,-0.622],[0.982,-0.855],[0.693,-1.054],[0.308,-1.183],[-0.125,-1.279],[-0.655,-1.296],[-0.924,-0.726],[-1.108,-0.354],[-1.204,-0.017],[-1.137,0.242],[-0.992,0.467],[-0.693,0.622]],"o":[[0.712,-1.426],[0.163,-1.4],[-0.299,-1.305],[-0.328,-0.553],[-0.646,-0.544],[-0.924,-0.38],[-1.146,-0.112],[-1.387,0.328],[-1.223,0.622],[-0.982,0.855],[-0.693,1.054],[-0.308,1.184],[0.125,1.279],[0.578,1.158],[0.924,0.726],[1.107,0.354],[1.203,0.017],[1.136,-0.242],[0.992,-0.467],[1.406,-1.296]],"v":[[41.746,-6.208],[43.06,-10.446],[42.858,-14.502],[41.515,-18.014],[40.056,-19.66],[37.701,-21.047],[34.596,-21.786],[30.912,-21.514],[26.997,-20.088],[23.69,-17.872],[21.176,-15.008],[19.674,-11.651],[19.399,-7.957],[20.569,-4.095],[22.823,-1.27],[25.871,0.35],[29.338,0.907],[32.848,0.57],[36.04,-0.492],[38.568,-2.125]],"c":true},"ix":2},"nm":"O","mn":"ADBE Vector Shape - Group","hd":false},{"ind":1,"ty":"sh","ix":2,"ks":{"a":0,"k":{"i":[[-0.097,-0.397],[0.048,-0.484],[0.221,-0.579],[0.481,-0.674],[0.481,-0.337],[0.549,-0.173],[0.558,0.026],[0.433,0.251],[0.279,0.518],[-0.019,0.829],[-0.337,0.726],[-0.52,0.51],[-0.636,0.285],[-0.617,0.035],[-0.53,-0.242],[-0.289,-0.553]],"o":[[0.096,0.398],[-0.048,0.484],[-0.222,0.579],[-0.328,0.45],[-0.482,0.337],[-0.549,0.173],[-0.559,-0.026],[-0.433,-0.25],[-0.279,-0.518],[0,-0.881],[0.337,-0.726],[0.52,-0.509],[0.636,-0.285],[0.616,-0.034],[0.529,0.242],[0.173,0.311]],"v":[[35.13,-12.105],[35.202,-10.783],[34.798,-9.189],[33.743,-7.309],[32.53,-6.13],[30.984,-5.365],[29.323,-5.145],[27.835,-5.56],[26.766,-6.713],[26.376,-8.735],[26.882,-11.146],[28.168,-12.999],[29.901,-14.191],[31.779,-14.671],[33.498,-14.36],[34.726,-13.167]],"c":true},"ix":2},"nm":"O","mn":"ADBE Vector Shape - Group","hd":false},{"ty":"mm","mm":1,"nm":"Merge Paths 1","mn":"ADBE Vector Filter - Merge","hd":false},{"ty":"fl","c":{"a":0,"k":[1,1,1,1],"ix":4},"o":{"a":0,"k":100,"ix":5},"r":1,"bm":0,"nm":"Fill 1","mn":"ADBE Vector Graphic - Fill","hd":false},{"ty":"tr","p":{"a":0,"k":[0,0],"ix":2},"a":{"a":0,"k":[0,0],"ix":1},"s":{"a":0,"k":[100,100],"ix":3},"r":{"a":0,"k":0,"ix":6},"o":{"a":0,"k":100,"ix":7},"sk":{"a":0,"k":0,"ix":4},"sa":{"a":0,"k":0,"ix":5},"nm":"Transform"}],"nm":"O","np":5,"cix":2,"bm":0,"ix":2,"mn":"ADBE Vector Group","hd":false},{"ty":"gr","it":[{"ind":0,"ty":"sh","ix":1,"ks":{"a":0,"k":{"i":[[-0.578,-0.017],[-0.491,0.13],[-0.347,0.25],[-0.135,0.363],[0.096,0.398],[0.298,0.363],[0.472,0.303],[0.597,0.19],[0.578,0.026],[0.491,-0.121],[0.347,-0.259],[0.135,-0.363],[-0.106,-0.397],[-0.299,-0.363],[-0.472,-0.302],[-0.597,-0.19]],"o":[[0.578,0.017],[0.491,-0.13],[0.347,-0.251],[0.135,-0.363],[-0.097,-0.397],[-0.299,-0.363],[-0.472,-0.302],[-0.597,-0.173],[-0.578,-0.026],[-0.491,0.121],[-0.347,0.259],[-0.154,0.363],[0.106,0.398],[0.298,0.363],[0.472,0.302],[0.597,0.19]],"v":[[54.168,1.115],[55.772,0.946],[57.028,0.376],[57.751,-0.544],[57.808,-1.685],[57.216,-2.825],[56.061,-3.823],[54.457,-4.562],[52.695,-4.86],[51.092,-4.717],[49.835,-4.147],[49.113,-3.214],[49.04,-2.074],[49.647,-0.933],[50.803,0.065],[52.406,0.804]],"c":true},"ix":2},"nm":"!","mn":"ADBE Vector Shape - Group","hd":false},{"ind":1,"ty":"sh","ix":2,"ks":{"a":0,"k":{"i":[[0,0],[0,0],[0,0],[-0.646,0.095],[-0.713,-0.052],[-0.646,-0.198],[-0.501,-0.311]],"o":[[0,0],[0,0],[0.539,-0.224],[0.645,-0.095],[0.732,0.052],[0.645,0.199],[0,0]],"v":[[60.437,-24.106],[51.886,-23.795],[50.355,-5.858],[52.132,-6.337],[54.168,-6.402],[56.234,-6.026],[57.953,-5.262]],"c":true},"ix":2},"nm":"!","mn":"ADBE Vector Shape - Group","hd":false},{"ty":"mm","mm":1,"nm":"Merge Paths 1","mn":"ADBE Vector Filter - Merge","hd":false},{"ty":"fl","c":{"a":0,"k":[1,1,1,1],"ix":4},"o":{"a":0,"k":100,"ix":5},"r":1,"bm":0,"nm":"Fill 1","mn":"ADBE Vector Graphic - Fill","hd":false},{"ty":"tr","p":{"a":0,"k":[0,0],"ix":2},"a":{"a":0,"k":[0,0],"ix":1},"s":{"a":0,"k":[100,100],"ix":3},"r":{"a":0,"k":0,"ix":6},"o":{"a":0,"k":100,"ix":7},"sk":{"a":0,"k":0,"ix":4},"sa":{"a":0,"k":0,"ix":5},"nm":"Transform"}],"nm":"!","np":5,"cix":2,"bm":0,"ix":3,"mn":"ADBE Vector Group","hd":false}],"ip":111.999990306061,"op":127.999988921213,"st":25.9999977496214,"bm":0},{"ddd":0,"ind":8,"ty":4,"nm":"NO! 2 Outlines","sr":1,"ks":{"o":{"a":0,"k":100,"ix":11},"r":{"a":0,"k":-30,"ix":10},"p":{"a":0,"k":[491,335.5,0],"ix":2,"l":2},"a":{"a":0,"k":[0.805,-10.686,0],"ix":1,"l":2},"s":{"a":0,"k":[55,55,100],"ix":6,"l":2}},"ao":0,"shapes":[{"ty":"gr","it":[{"ind":0,"ty":"sh","ix":1,"ks":{"a":0,"k":{"i":[[0,0],[0,0],[0,0],[0,0],[0,0],[0,0],[0,0],[0,0]],"o":[[0,0],[0,0],[0,0],[0,0],[0,0],[0,0],[0,0],[0,0]],"v":[[1.098,0.441],[9.389,-0.026],[8.985,-6.143],[20.05,-1.192],[21.379,-20.969],[12.769,-21.488],[12.509,-12.908],[1.473,-21.125]],"c":true},"ix":2},"nm":"N","mn":"ADBE Vector Shape - Group","hd":false},{"ty":"fl","c":{"a":0,"k":[1,1,1,1],"ix":4},"o":{"a":0,"k":100,"ix":5},"r":1,"bm":0,"nm":"Fill 1","mn":"ADBE Vector Graphic - Fill","hd":false},{"ty":"tr","p":{"a":0,"k":[0,0],"ix":2},"a":{"a":0,"k":[0,0],"ix":1},"s":{"a":0,"k":[100,100],"ix":3},"r":{"a":0,"k":0,"ix":6},"o":{"a":0,"k":100,"ix":7},"sk":{"a":0,"k":0,"ix":4},"sa":{"a":0,"k":0,"ix":5},"nm":"Transform"}],"nm":"N","np":3,"cix":2,"bm":0,"ix":1,"mn":"ADBE Vector Group","hd":false},{"ty":"gr","it":[{"ind":0,"ty":"sh","ix":1,"ks":{"a":0,"k":{"i":[[-0.713,1.426],[-0.164,1.4],[0.298,1.305],[0.597,1.037],[0.645,0.544],[0.924,0.38],[1.146,0.113],[1.31,-0.294],[1.223,-0.622],[0.982,-0.855],[0.693,-1.054],[0.308,-1.183],[-0.125,-1.279],[-0.655,-1.296],[-0.924,-0.726],[-1.108,-0.354],[-1.204,-0.017],[-1.137,0.242],[-0.992,0.467],[-0.693,0.622]],"o":[[0.712,-1.426],[0.163,-1.4],[-0.299,-1.305],[-0.328,-0.553],[-0.646,-0.544],[-0.924,-0.38],[-1.146,-0.112],[-1.387,0.328],[-1.223,0.622],[-0.982,0.855],[-0.693,1.054],[-0.308,1.184],[0.125,1.279],[0.578,1.158],[0.924,0.726],[1.107,0.354],[1.203,0.017],[1.136,-0.242],[0.992,-0.467],[1.406,-1.296]],"v":[[41.746,-6.208],[43.06,-10.446],[42.858,-14.502],[41.515,-18.014],[40.056,-19.66],[37.701,-21.047],[34.596,-21.786],[30.912,-21.514],[26.997,-20.088],[23.69,-17.872],[21.176,-15.008],[19.674,-11.651],[19.399,-7.957],[20.569,-4.095],[22.823,-1.27],[25.871,0.35],[29.338,0.907],[32.848,0.57],[36.04,-0.492],[38.568,-2.125]],"c":true},"ix":2},"nm":"O","mn":"ADBE Vector Shape - Group","hd":false},{"ind":1,"ty":"sh","ix":2,"ks":{"a":0,"k":{"i":[[-0.097,-0.397],[0.048,-0.484],[0.221,-0.579],[0.481,-0.674],[0.481,-0.337],[0.549,-0.173],[0.558,0.026],[0.433,0.251],[0.279,0.518],[-0.019,0.829],[-0.337,0.726],[-0.52,0.51],[-0.636,0.285],[-0.617,0.035],[-0.53,-0.242],[-0.289,-0.553]],"o":[[0.096,0.398],[-0.048,0.484],[-0.222,0.579],[-0.328,0.45],[-0.482,0.337],[-0.549,0.173],[-0.559,-0.026],[-0.433,-0.25],[-0.279,-0.518],[0,-0.881],[0.337,-0.726],[0.52,-0.509],[0.636,-0.285],[0.616,-0.034],[0.529,0.242],[0.173,0.311]],"v":[[35.13,-12.105],[35.202,-10.783],[34.798,-9.189],[33.743,-7.309],[32.53,-6.13],[30.984,-5.365],[29.323,-5.145],[27.835,-5.56],[26.766,-6.713],[26.376,-8.735],[26.882,-11.146],[28.168,-12.999],[29.901,-14.191],[31.779,-14.671],[33.498,-14.36],[34.726,-13.167]],"c":true},"ix":2},"nm":"O","mn":"ADBE Vector Shape - Group","hd":false},{"ty":"mm","mm":1,"nm":"Merge Paths 1","mn":"ADBE Vector Filter - Merge","hd":false},{"ty":"fl","c":{"a":0,"k":[1,1,1,1],"ix":4},"o":{"a":0,"k":100,"ix":5},"r":1,"bm":0,"nm":"Fill 1","mn":"ADBE Vector Graphic - Fill","hd":false},{"ty":"tr","p":{"a":0,"k":[0,0],"ix":2},"a":{"a":0,"k":[0,0],"ix":1},"s":{"a":0,"k":[100,100],"ix":3},"r":{"a":0,"k":0,"ix":6},"o":{"a":0,"k":100,"ix":7},"sk":{"a":0,"k":0,"ix":4},"sa":{"a":0,"k":0,"ix":5},"nm":"Transform"}],"nm":"O","np":5,"cix":2,"bm":0,"ix":2,"mn":"ADBE Vector Group","hd":false},{"ty":"gr","it":[{"ind":0,"ty":"sh","ix":1,"ks":{"a":0,"k":{"i":[[-0.578,-0.017],[-0.491,0.13],[-0.347,0.25],[-0.135,0.363],[0.096,0.398],[0.298,0.363],[0.472,0.303],[0.597,0.19],[0.578,0.026],[0.491,-0.121],[0.347,-0.259],[0.135,-0.363],[-0.106,-0.397],[-0.299,-0.363],[-0.472,-0.302],[-0.597,-0.19]],"o":[[0.578,0.017],[0.491,-0.13],[0.347,-0.251],[0.135,-0.363],[-0.097,-0.397],[-0.299,-0.363],[-0.472,-0.302],[-0.597,-0.173],[-0.578,-0.026],[-0.491,0.121],[-0.347,0.259],[-0.154,0.363],[0.106,0.398],[0.298,0.363],[0.472,0.302],[0.597,0.19]],"v":[[54.168,1.115],[55.772,0.946],[57.028,0.376],[57.751,-0.544],[57.808,-1.685],[57.216,-2.825],[56.061,-3.823],[54.457,-4.562],[52.695,-4.86],[51.092,-4.717],[49.835,-4.147],[49.113,-3.214],[49.04,-2.074],[49.647,-0.933],[50.803,0.065],[52.406,0.804]],"c":true},"ix":2},"nm":"!","mn":"ADBE Vector Shape - Group","hd":false},{"ind":1,"ty":"sh","ix":2,"ks":{"a":0,"k":{"i":[[0,0],[0,0],[0,0],[-0.646,0.095],[-0.713,-0.052],[-0.646,-0.198],[-0.501,-0.311]],"o":[[0,0],[0,0],[0.539,-0.224],[0.645,-0.095],[0.732,0.052],[0.645,0.199],[0,0]],"v":[[60.437,-24.106],[51.886,-23.795],[50.355,-5.858],[52.132,-6.337],[54.168,-6.402],[56.234,-6.026],[57.953,-5.262]],"c":true},"ix":2},"nm":"!","mn":"ADBE Vector Shape - Group","hd":false},{"ty":"mm","mm":1,"nm":"Merge Paths 1","mn":"ADBE Vector Filter - Merge","hd":false},{"ty":"fl","c":{"a":0,"k":[1,1,1,1],"ix":4},"o":{"a":0,"k":100,"ix":5},"r":1,"bm":0,"nm":"Fill 1","mn":"ADBE Vector Graphic - Fill","hd":false},{"ty":"tr","p":{"a":0,"k":[0,0],"ix":2},"a":{"a":0,"k":[0,0],"ix":1},"s":{"a":0,"k":[100,100],"ix":3},"r":{"a":0,"k":0,"ix":6},"o":{"a":0,"k":100,"ix":7},"sk":{"a":0,"k":0,"ix":4},"sa":{"a":0,"k":0,"ix":5},"nm":"Transform"}],"nm":"!","np":5,"cix":2,"bm":0,"ix":3,"mn":"ADBE Vector Group","hd":false}],"ip":80.999992989205,"op":96.9999916043566,"st":-4.99999956723488,"bm":0},{"ddd":0,"ind":9,"ty":4,"nm":"NO! 7 Outlines","sr":1,"ks":{"o":{"a":0,"k":100,"ix":11},"r":{"a":0,"k":-8,"ix":10},"p":{"a":0,"k":[498.125,351.25,0],"ix":2,"l":2},"a":{"a":0,"k":[2.939,-9.81,0],"ix":1,"l":2},"s":{"a":0,"k":[39,39,100],"ix":6,"l":2}},"ao":0,"shapes":[{"ty":"gr","it":[{"ind":0,"ty":"sh","ix":1,"ks":{"a":0,"k":{"i":[[0,0],[0,0],[0,0],[0,0],[0,0],[0,0],[0,0],[0,0]],"o":[[0,0],[0,0],[0,0],[0,0],[0,0],[0,0],[0,0],[0,0]],"v":[[1.098,0.441],[9.389,-0.026],[8.985,-6.143],[20.05,-1.192],[21.379,-20.969],[12.769,-21.488],[12.509,-12.908],[1.473,-21.125]],"c":true},"ix":2},"nm":"N","mn":"ADBE Vector Shape - Group","hd":false},{"ty":"fl","c":{"a":0,"k":[1,1,1,1],"ix":4},"o":{"a":0,"k":100,"ix":5},"r":1,"bm":0,"nm":"Fill 1","mn":"ADBE Vector Graphic - Fill","hd":false},{"ty":"tr","p":{"a":0,"k":[0,0],"ix":2},"a":{"a":0,"k":[0,0],"ix":1},"s":{"a":0,"k":[100,100],"ix":3},"r":{"a":0,"k":0,"ix":6},"o":{"a":0,"k":100,"ix":7},"sk":{"a":0,"k":0,"ix":4},"sa":{"a":0,"k":0,"ix":5},"nm":"Transform"}],"nm":"N","np":3,"cix":2,"bm":0,"ix":1,"mn":"ADBE Vector Group","hd":false},{"ty":"gr","it":[{"ind":0,"ty":"sh","ix":1,"ks":{"a":0,"k":{"i":[[-0.713,1.426],[-0.164,1.4],[0.298,1.305],[0.597,1.037],[0.645,0.544],[0.924,0.38],[1.146,0.113],[1.31,-0.294],[1.223,-0.622],[0.982,-0.855],[0.693,-1.054],[0.308,-1.183],[-0.125,-1.279],[-0.655,-1.296],[-0.924,-0.726],[-1.108,-0.354],[-1.204,-0.017],[-1.137,0.242],[-0.992,0.467],[-0.693,0.622]],"o":[[0.712,-1.426],[0.163,-1.4],[-0.299,-1.305],[-0.328,-0.553],[-0.646,-0.544],[-0.924,-0.38],[-1.146,-0.112],[-1.387,0.328],[-1.223,0.622],[-0.982,0.855],[-0.693,1.054],[-0.308,1.184],[0.125,1.279],[0.578,1.158],[0.924,0.726],[1.107,0.354],[1.203,0.017],[1.136,-0.242],[0.992,-0.467],[1.406,-1.296]],"v":[[41.746,-6.208],[43.06,-10.446],[42.858,-14.502],[41.515,-18.014],[40.056,-19.66],[37.701,-21.047],[34.596,-21.786],[30.912,-21.514],[26.997,-20.088],[23.69,-17.872],[21.176,-15.008],[19.674,-11.651],[19.399,-7.957],[20.569,-4.095],[22.823,-1.27],[25.871,0.35],[29.338,0.907],[32.848,0.57],[36.04,-0.492],[38.568,-2.125]],"c":true},"ix":2},"nm":"O","mn":"ADBE Vector Shape - Group","hd":false},{"ind":1,"ty":"sh","ix":2,"ks":{"a":0,"k":{"i":[[-0.097,-0.397],[0.048,-0.484],[0.221,-0.579],[0.481,-0.674],[0.481,-0.337],[0.549,-0.173],[0.558,0.026],[0.433,0.251],[0.279,0.518],[-0.019,0.829],[-0.337,0.726],[-0.52,0.51],[-0.636,0.285],[-0.617,0.035],[-0.53,-0.242],[-0.289,-0.553]],"o":[[0.096,0.398],[-0.048,0.484],[-0.222,0.579],[-0.328,0.45],[-0.482,0.337],[-0.549,0.173],[-0.559,-0.026],[-0.433,-0.25],[-0.279,-0.518],[0,-0.881],[0.337,-0.726],[0.52,-0.509],[0.636,-0.285],[0.616,-0.034],[0.529,0.242],[0.173,0.311]],"v":[[35.13,-12.105],[35.202,-10.783],[34.798,-9.189],[33.743,-7.309],[32.53,-6.13],[30.984,-5.365],[29.323,-5.145],[27.835,-5.56],[26.766,-6.713],[26.376,-8.735],[26.882,-11.146],[28.168,-12.999],[29.901,-14.191],[31.779,-14.671],[33.498,-14.36],[34.726,-13.167]],"c":true},"ix":2},"nm":"O","mn":"ADBE Vector Shape - Group","hd":false},{"ty":"mm","mm":1,"nm":"Merge Paths 1","mn":"ADBE Vector Filter - Merge","hd":false},{"ty":"fl","c":{"a":0,"k":[1,1,1,1],"ix":4},"o":{"a":0,"k":100,"ix":5},"r":1,"bm":0,"nm":"Fill 1","mn":"ADBE Vector Graphic - Fill","hd":false},{"ty":"tr","p":{"a":0,"k":[0,0],"ix":2},"a":{"a":0,"k":[0,0],"ix":1},"s":{"a":0,"k":[100,100],"ix":3},"r":{"a":0,"k":0,"ix":6},"o":{"a":0,"k":100,"ix":7},"sk":{"a":0,"k":0,"ix":4},"sa":{"a":0,"k":0,"ix":5},"nm":"Transform"}],"nm":"O","np":5,"cix":2,"bm":0,"ix":2,"mn":"ADBE Vector Group","hd":false},{"ty":"gr","it":[{"ind":0,"ty":"sh","ix":1,"ks":{"a":0,"k":{"i":[[-0.578,-0.017],[-0.491,0.13],[-0.347,0.25],[-0.135,0.363],[0.096,0.398],[0.298,0.363],[0.472,0.303],[0.597,0.19],[0.578,0.026],[0.491,-0.121],[0.347,-0.259],[0.135,-0.363],[-0.106,-0.397],[-0.299,-0.363],[-0.472,-0.302],[-0.597,-0.19]],"o":[[0.578,0.017],[0.491,-0.13],[0.347,-0.251],[0.135,-0.363],[-0.097,-0.397],[-0.299,-0.363],[-0.472,-0.302],[-0.597,-0.173],[-0.578,-0.026],[-0.491,0.121],[-0.347,0.259],[-0.154,0.363],[0.106,0.398],[0.298,0.363],[0.472,0.302],[0.597,0.19]],"v":[[54.168,1.115],[55.772,0.946],[57.028,0.376],[57.751,-0.544],[57.808,-1.685],[57.216,-2.825],[56.061,-3.823],[54.457,-4.562],[52.695,-4.86],[51.092,-4.717],[49.835,-4.147],[49.113,-3.214],[49.04,-2.074],[49.647,-0.933],[50.803,0.065],[52.406,0.804]],"c":true},"ix":2},"nm":"!","mn":"ADBE Vector Shape - Group","hd":false},{"ind":1,"ty":"sh","ix":2,"ks":{"a":0,"k":{"i":[[0,0],[0,0],[0,0],[-0.646,0.095],[-0.713,-0.052],[-0.646,-0.198],[-0.501,-0.311]],"o":[[0,0],[0,0],[0.539,-0.224],[0.645,-0.095],[0.732,0.052],[0.645,0.199],[0,0]],"v":[[60.437,-24.106],[51.886,-23.795],[50.355,-5.858],[52.132,-6.337],[54.168,-6.402],[56.234,-6.026],[57.953,-5.262]],"c":true},"ix":2},"nm":"!","mn":"ADBE Vector Shape - Group","hd":false},{"ty":"mm","mm":1,"nm":"Merge Paths 1","mn":"ADBE Vector Filter - Merge","hd":false},{"ty":"fl","c":{"a":0,"k":[1,1,1,1],"ix":4},"o":{"a":0,"k":100,"ix":5},"r":1,"bm":0,"nm":"Fill 1","mn":"ADBE Vector Graphic - Fill","hd":false},{"ty":"tr","p":{"a":0,"k":[0,0],"ix":2},"a":{"a":0,"k":[0,0],"ix":1},"s":{"a":0,"k":[100,100],"ix":3},"r":{"a":0,"k":0,"ix":6},"o":{"a":0,"k":100,"ix":7},"sk":{"a":0,"k":0,"ix":4},"sa":{"a":0,"k":0,"ix":5},"nm":"Transform"}],"nm":"!","np":5,"cix":2,"bm":0,"ix":3,"mn":"ADBE Vector Group","hd":false}],"ip":145.999987363258,"op":161.99998597841,"st":67.9999941143943,"bm":0},{"ddd":0,"ind":10,"ty":4,"nm":"NO! 4 Outlines","sr":1,"ks":{"o":{"a":0,"k":100,"ix":11},"r":{"a":0,"k":-8,"ix":10},"p":{"a":0,"k":[498.125,351.25,0],"ix":2,"l":2},"a":{"a":0,"k":[2.939,-9.81,0],"ix":1,"l":2},"s":{"a":0,"k":[39,39,100],"ix":6,"l":2}},"ao":0,"shapes":[{"ty":"gr","it":[{"ind":0,"ty":"sh","ix":1,"ks":{"a":0,"k":{"i":[[0,0],[0,0],[0,0],[0,0],[0,0],[0,0],[0,0],[0,0]],"o":[[0,0],[0,0],[0,0],[0,0],[0,0],[0,0],[0,0],[0,0]],"v":[[1.098,0.441],[9.389,-0.026],[8.985,-6.143],[20.05,-1.192],[21.379,-20.969],[12.769,-21.488],[12.509,-12.908],[1.473,-21.125]],"c":true},"ix":2},"nm":"N","mn":"ADBE Vector Shape - Group","hd":false},{"ty":"fl","c":{"a":0,"k":[1,1,1,1],"ix":4},"o":{"a":0,"k":100,"ix":5},"r":1,"bm":0,"nm":"Fill 1","mn":"ADBE Vector Graphic - Fill","hd":false},{"ty":"tr","p":{"a":0,"k":[0,0],"ix":2},"a":{"a":0,"k":[0,0],"ix":1},"s":{"a":0,"k":[100,100],"ix":3},"r":{"a":0,"k":0,"ix":6},"o":{"a":0,"k":100,"ix":7},"sk":{"a":0,"k":0,"ix":4},"sa":{"a":0,"k":0,"ix":5},"nm":"Transform"}],"nm":"N","np":3,"cix":2,"bm":0,"ix":1,"mn":"ADBE Vector Group","hd":false},{"ty":"gr","it":[{"ind":0,"ty":"sh","ix":1,"ks":{"a":0,"k":{"i":[[-0.713,1.426],[-0.164,1.4],[0.298,1.305],[0.597,1.037],[0.645,0.544],[0.924,0.38],[1.146,0.113],[1.31,-0.294],[1.223,-0.622],[0.982,-0.855],[0.693,-1.054],[0.308,-1.183],[-0.125,-1.279],[-0.655,-1.296],[-0.924,-0.726],[-1.108,-0.354],[-1.204,-0.017],[-1.137,0.242],[-0.992,0.467],[-0.693,0.622]],"o":[[0.712,-1.426],[0.163,-1.4],[-0.299,-1.305],[-0.328,-0.553],[-0.646,-0.544],[-0.924,-0.38],[-1.146,-0.112],[-1.387,0.328],[-1.223,0.622],[-0.982,0.855],[-0.693,1.054],[-0.308,1.184],[0.125,1.279],[0.578,1.158],[0.924,0.726],[1.107,0.354],[1.203,0.017],[1.136,-0.242],[0.992,-0.467],[1.406,-1.296]],"v":[[41.746,-6.208],[43.06,-10.446],[42.858,-14.502],[41.515,-18.014],[40.056,-19.66],[37.701,-21.047],[34.596,-21.786],[30.912,-21.514],[26.997,-20.088],[23.69,-17.872],[21.176,-15.008],[19.674,-11.651],[19.399,-7.957],[20.569,-4.095],[22.823,-1.27],[25.871,0.35],[29.338,0.907],[32.848,0.57],[36.04,-0.492],[38.568,-2.125]],"c":true},"ix":2},"nm":"O","mn":"ADBE Vector Shape - Group","hd":false},{"ind":1,"ty":"sh","ix":2,"ks":{"a":0,"k":{"i":[[-0.097,-0.397],[0.048,-0.484],[0.221,-0.579],[0.481,-0.674],[0.481,-0.337],[0.549,-0.173],[0.558,0.026],[0.433,0.251],[0.279,0.518],[-0.019,0.829],[-0.337,0.726],[-0.52,0.51],[-0.636,0.285],[-0.617,0.035],[-0.53,-0.242],[-0.289,-0.553]],"o":[[0.096,0.398],[-0.048,0.484],[-0.222,0.579],[-0.328,0.45],[-0.482,0.337],[-0.549,0.173],[-0.559,-0.026],[-0.433,-0.25],[-0.279,-0.518],[0,-0.881],[0.337,-0.726],[0.52,-0.509],[0.636,-0.285],[0.616,-0.034],[0.529,0.242],[0.173,0.311]],"v":[[35.13,-12.105],[35.202,-10.783],[34.798,-9.189],[33.743,-7.309],[32.53,-6.13],[30.984,-5.365],[29.323,-5.145],[27.835,-5.56],[26.766,-6.713],[26.376,-8.735],[26.882,-11.146],[28.168,-12.999],[29.901,-14.191],[31.779,-14.671],[33.498,-14.36],[34.726,-13.167]],"c":true},"ix":2},"nm":"O","mn":"ADBE Vector Shape - Group","hd":false},{"ty":"mm","mm":1,"nm":"Merge Paths 1","mn":"ADBE Vector Filter - Merge","hd":false},{"ty":"fl","c":{"a":0,"k":[1,1,1,1],"ix":4},"o":{"a":0,"k":100,"ix":5},"r":1,"bm":0,"nm":"Fill 1","mn":"ADBE Vector Graphic - Fill","hd":false},{"ty":"tr","p":{"a":0,"k":[0,0],"ix":2},"a":{"a":0,"k":[0,0],"ix":1},"s":{"a":0,"k":[100,100],"ix":3},"r":{"a":0,"k":0,"ix":6},"o":{"a":0,"k":100,"ix":7},"sk":{"a":0,"k":0,"ix":4},"sa":{"a":0,"k":0,"ix":5},"nm":"Transform"}],"nm":"O","np":5,"cix":2,"bm":0,"ix":2,"mn":"ADBE Vector Group","hd":false},{"ty":"gr","it":[{"ind":0,"ty":"sh","ix":1,"ks":{"a":0,"k":{"i":[[-0.578,-0.017],[-0.491,0.13],[-0.347,0.25],[-0.135,0.363],[0.096,0.398],[0.298,0.363],[0.472,0.303],[0.597,0.19],[0.578,0.026],[0.491,-0.121],[0.347,-0.259],[0.135,-0.363],[-0.106,-0.397],[-0.299,-0.363],[-0.472,-0.302],[-0.597,-0.19]],"o":[[0.578,0.017],[0.491,-0.13],[0.347,-0.251],[0.135,-0.363],[-0.097,-0.397],[-0.299,-0.363],[-0.472,-0.302],[-0.597,-0.173],[-0.578,-0.026],[-0.491,0.121],[-0.347,0.259],[-0.154,0.363],[0.106,0.398],[0.298,0.363],[0.472,0.302],[0.597,0.19]],"v":[[54.168,1.115],[55.772,0.946],[57.028,0.376],[57.751,-0.544],[57.808,-1.685],[57.216,-2.825],[56.061,-3.823],[54.457,-4.562],[52.695,-4.86],[51.092,-4.717],[49.835,-4.147],[49.113,-3.214],[49.04,-2.074],[49.647,-0.933],[50.803,0.065],[52.406,0.804]],"c":true},"ix":2},"nm":"!","mn":"ADBE Vector Shape - Group","hd":false},{"ind":1,"ty":"sh","ix":2,"ks":{"a":0,"k":{"i":[[0,0],[0,0],[0,0],[-0.646,0.095],[-0.713,-0.052],[-0.646,-0.198],[-0.501,-0.311]],"o":[[0,0],[0,0],[0.539,-0.224],[0.645,-0.095],[0.732,0.052],[0.645,0.199],[0,0]],"v":[[60.437,-24.106],[51.886,-23.795],[50.355,-5.858],[52.132,-6.337],[54.168,-6.402],[56.234,-6.026],[57.953,-5.262]],"c":true},"ix":2},"nm":"!","mn":"ADBE Vector Shape - Group","hd":false},{"ty":"mm","mm":1,"nm":"Merge Paths 1","mn":"ADBE Vector Filter - Merge","hd":false},{"ty":"fl","c":{"a":0,"k":[1,1,1,1],"ix":4},"o":{"a":0,"k":100,"ix":5},"r":1,"bm":0,"nm":"Fill 1","mn":"ADBE Vector Graphic - Fill","hd":false},{"ty":"tr","p":{"a":0,"k":[0,0],"ix":2},"a":{"a":0,"k":[0,0],"ix":1},"s":{"a":0,"k":[100,100],"ix":3},"r":{"a":0,"k":0,"ix":6},"o":{"a":0,"k":100,"ix":7},"sk":{"a":0,"k":0,"ix":4},"sa":{"a":0,"k":0,"ix":5},"nm":"Transform"}],"nm":"!","np":5,"cix":2,"bm":0,"ix":3,"mn":"ADBE Vector Group","hd":false}],"ip":114.999990046402,"op":130.999988661554,"st":36.9999967975381,"bm":0},{"ddd":0,"ind":11,"ty":4,"nm":"NO! Outlines","sr":1,"ks":{"o":{"a":0,"k":100,"ix":11},"r":{"a":0,"k":-8,"ix":10},"p":{"a":0,"k":[498.125,351.25,0],"ix":2,"l":2},"a":{"a":0,"k":[2.939,-9.81,0],"ix":1,"l":2},"s":{"a":0,"k":[39,39,100],"ix":6,"l":2}},"ao":0,"shapes":[{"ty":"gr","it":[{"ind":0,"ty":"sh","ix":1,"ks":{"a":0,"k":{"i":[[0,0],[0,0],[0,0],[0,0],[0,0],[0,0],[0,0],[0,0]],"o":[[0,0],[0,0],[0,0],[0,0],[0,0],[0,0],[0,0],[0,0]],"v":[[1.098,0.441],[9.389,-0.026],[8.985,-6.143],[20.05,-1.192],[21.379,-20.969],[12.769,-21.488],[12.509,-12.908],[1.473,-21.125]],"c":true},"ix":2},"nm":"N","mn":"ADBE Vector Shape - Group","hd":false},{"ty":"fl","c":{"a":0,"k":[1,1,1,1],"ix":4},"o":{"a":0,"k":100,"ix":5},"r":1,"bm":0,"nm":"Fill 1","mn":"ADBE Vector Graphic - Fill","hd":false},{"ty":"tr","p":{"a":0,"k":[0,0],"ix":2},"a":{"a":0,"k":[0,0],"ix":1},"s":{"a":0,"k":[100,100],"ix":3},"r":{"a":0,"k":0,"ix":6},"o":{"a":0,"k":100,"ix":7},"sk":{"a":0,"k":0,"ix":4},"sa":{"a":0,"k":0,"ix":5},"nm":"Transform"}],"nm":"N","np":3,"cix":2,"bm":0,"ix":1,"mn":"ADBE Vector Group","hd":false},{"ty":"gr","it":[{"ind":0,"ty":"sh","ix":1,"ks":{"a":0,"k":{"i":[[-0.713,1.426],[-0.164,1.4],[0.298,1.305],[0.597,1.037],[0.645,0.544],[0.924,0.38],[1.146,0.113],[1.31,-0.294],[1.223,-0.622],[0.982,-0.855],[0.693,-1.054],[0.308,-1.183],[-0.125,-1.279],[-0.655,-1.296],[-0.924,-0.726],[-1.108,-0.354],[-1.204,-0.017],[-1.137,0.242],[-0.992,0.467],[-0.693,0.622]],"o":[[0.712,-1.426],[0.163,-1.4],[-0.299,-1.305],[-0.328,-0.553],[-0.646,-0.544],[-0.924,-0.38],[-1.146,-0.112],[-1.387,0.328],[-1.223,0.622],[-0.982,0.855],[-0.693,1.054],[-0.308,1.184],[0.125,1.279],[0.578,1.158],[0.924,0.726],[1.107,0.354],[1.203,0.017],[1.136,-0.242],[0.992,-0.467],[1.406,-1.296]],"v":[[41.746,-6.208],[43.06,-10.446],[42.858,-14.502],[41.515,-18.014],[40.056,-19.66],[37.701,-21.047],[34.596,-21.786],[30.912,-21.514],[26.997,-20.088],[23.69,-17.872],[21.176,-15.008],[19.674,-11.651],[19.399,-7.957],[20.569,-4.095],[22.823,-1.27],[25.871,0.35],[29.338,0.907],[32.848,0.57],[36.04,-0.492],[38.568,-2.125]],"c":true},"ix":2},"nm":"O","mn":"ADBE Vector Shape - Group","hd":false},{"ind":1,"ty":"sh","ix":2,"ks":{"a":0,"k":{"i":[[-0.097,-0.397],[0.048,-0.484],[0.221,-0.579],[0.481,-0.674],[0.481,-0.337],[0.549,-0.173],[0.558,0.026],[0.433,0.251],[0.279,0.518],[-0.019,0.829],[-0.337,0.726],[-0.52,0.51],[-0.636,0.285],[-0.617,0.035],[-0.53,-0.242],[-0.289,-0.553]],"o":[[0.096,0.398],[-0.048,0.484],[-0.222,0.579],[-0.328,0.45],[-0.482,0.337],[-0.549,0.173],[-0.559,-0.026],[-0.433,-0.25],[-0.279,-0.518],[0,-0.881],[0.337,-0.726],[0.52,-0.509],[0.636,-0.285],[0.616,-0.034],[0.529,0.242],[0.173,0.311]],"v":[[35.13,-12.105],[35.202,-10.783],[34.798,-9.189],[33.743,-7.309],[32.53,-6.13],[30.984,-5.365],[29.323,-5.145],[27.835,-5.56],[26.766,-6.713],[26.376,-8.735],[26.882,-11.146],[28.168,-12.999],[29.901,-14.191],[31.779,-14.671],[33.498,-14.36],[34.726,-13.167]],"c":true},"ix":2},"nm":"O","mn":"ADBE Vector Shape - Group","hd":false},{"ty":"mm","mm":1,"nm":"Merge Paths 1","mn":"ADBE Vector Filter - Merge","hd":false},{"ty":"fl","c":{"a":0,"k":[1,1,1,1],"ix":4},"o":{"a":0,"k":100,"ix":5},"r":1,"bm":0,"nm":"Fill 1","mn":"ADBE Vector Graphic - Fill","hd":false},{"ty":"tr","p":{"a":0,"k":[0,0],"ix":2},"a":{"a":0,"k":[0,0],"ix":1},"s":{"a":0,"k":[100,100],"ix":3},"r":{"a":0,"k":0,"ix":6},"o":{"a":0,"k":100,"ix":7},"sk":{"a":0,"k":0,"ix":4},"sa":{"a":0,"k":0,"ix":5},"nm":"Transform"}],"nm":"O","np":5,"cix":2,"bm":0,"ix":2,"mn":"ADBE Vector Group","hd":false},{"ty":"gr","it":[{"ind":0,"ty":"sh","ix":1,"ks":{"a":0,"k":{"i":[[-0.578,-0.017],[-0.491,0.13],[-0.347,0.25],[-0.135,0.363],[0.096,0.398],[0.298,0.363],[0.472,0.303],[0.597,0.19],[0.578,0.026],[0.491,-0.121],[0.347,-0.259],[0.135,-0.363],[-0.106,-0.397],[-0.299,-0.363],[-0.472,-0.302],[-0.597,-0.19]],"o":[[0.578,0.017],[0.491,-0.13],[0.347,-0.251],[0.135,-0.363],[-0.097,-0.397],[-0.299,-0.363],[-0.472,-0.302],[-0.597,-0.173],[-0.578,-0.026],[-0.491,0.121],[-0.347,0.259],[-0.154,0.363],[0.106,0.398],[0.298,0.363],[0.472,0.302],[0.597,0.19]],"v":[[54.168,1.115],[55.772,0.946],[57.028,0.376],[57.751,-0.544],[57.808,-1.685],[57.216,-2.825],[56.061,-3.823],[54.457,-4.562],[52.695,-4.86],[51.092,-4.717],[49.835,-4.147],[49.113,-3.214],[49.04,-2.074],[49.647,-0.933],[50.803,0.065],[52.406,0.804]],"c":true},"ix":2},"nm":"!","mn":"ADBE Vector Shape - Group","hd":false},{"ind":1,"ty":"sh","ix":2,"ks":{"a":0,"k":{"i":[[0,0],[0,0],[0,0],[-0.646,0.095],[-0.713,-0.052],[-0.646,-0.198],[-0.501,-0.311]],"o":[[0,0],[0,0],[0.539,-0.224],[0.645,-0.095],[0.732,0.052],[0.645,0.199],[0,0]],"v":[[60.437,-24.106],[51.886,-23.795],[50.355,-5.858],[52.132,-6.337],[54.168,-6.402],[56.234,-6.026],[57.953,-5.262]],"c":true},"ix":2},"nm":"!","mn":"ADBE Vector Shape - Group","hd":false},{"ty":"mm","mm":1,"nm":"Merge Paths 1","mn":"ADBE Vector Filter - Merge","hd":false},{"ty":"fl","c":{"a":0,"k":[1,1,1,1],"ix":4},"o":{"a":0,"k":100,"ix":5},"r":1,"bm":0,"nm":"Fill 1","mn":"ADBE Vector Graphic - Fill","hd":false},{"ty":"tr","p":{"a":0,"k":[0,0],"ix":2},"a":{"a":0,"k":[0,0],"ix":1},"s":{"a":0,"k":[100,100],"ix":3},"r":{"a":0,"k":0,"ix":6},"o":{"a":0,"k":100,"ix":7},"sk":{"a":0,"k":0,"ix":4},"sa":{"a":0,"k":0,"ix":5},"nm":"Transform"}],"nm":"!","np":5,"cix":2,"bm":0,"ix":3,"mn":"ADBE Vector Group","hd":false}],"ip":83.999992729546,"op":99.9999913446975,"st":5.99999948068185,"bm":0},{"ddd":0,"ind":12,"ty":4,"nm":"Shape Layer 6","sr":1,"ks":{"o":{"a":0,"k":100,"ix":11},"r":{"a":0,"k":0,"ix":10},"p":{"a":1,"k":[{"i":{"x":0.667,"y":1},"o":{"x":0.333,"y":0},"t":0,"s":[218.5,91,0],"to":[-8.667,2.333,0],"ti":[8.667,-2.333,0]},{"t":245.999978707956,"s":[166.5,105,0]}],"ix":2,"l":2},"a":{"a":0,"k":[308.065,-119.355,0],"ix":1,"l":2},"s":{"a":0,"k":[131,131,100],"ix":6,"l":2}},"ao":0,"shapes":[{"ty":"gr","it":[{"ty":"sr","sy":1,"d":1,"pt":{"a":0,"k":5,"ix":3},"p":{"a":0,"k":[0,0],"ix":4},"r":{"a":0,"k":136.93,"ix":5},"ir":{"a":0,"k":8.735,"ix":6},"is":{"a":0,"k":0,"ix":8},"or":{"a":0,"k":17.469,"ix":7},"os":{"a":0,"k":0,"ix":9},"ix":1,"nm":"Polystar Path 1","mn":"ADBE Vector Shape - Star","hd":false},{"ty":"fl","c":{"a":0,"k":[1,0.814783253389,0.439767186782,1],"ix":4},"o":{"a":0,"k":100,"ix":5},"r":1,"bm":0,"nm":"Fill 1","mn":"ADBE Vector Graphic - Fill","hd":false},{"ty":"tr","p":{"a":0,"k":[305.5,-121],"ix":2},"a":{"a":0,"k":[0,0],"ix":1},"s":{"a":0,"k":[100,100],"ix":3},"r":{"a":0,"k":0,"ix":6},"o":{"a":0,"k":100,"ix":7},"sk":{"a":0,"k":0,"ix":4},"sa":{"a":0,"k":0,"ix":5},"nm":"Transform"}],"nm":"Polystar 1","np":3,"cix":2,"bm":0,"ix":1,"mn":"ADBE Vector Group","hd":false}],"ip":0,"op":213.999981477653,"st":0,"bm":0},{"ddd":0,"ind":13,"ty":4,"nm":"Shape Layer 5","sr":1,"ks":{"o":{"a":0,"k":100,"ix":11},"r":{"a":0,"k":0,"ix":10},"p":{"a":1,"k":[{"i":{"x":0.667,"y":1},"o":{"x":0.333,"y":0},"t":0,"s":[994.5,449,0],"to":[12,-4,0],"ti":[-12,4,0]},{"t":240.999979140721,"s":[1066.5,425,0]}],"ix":2,"l":2},"a":{"a":0,"k":[308.065,-119.355,0],"ix":1,"l":2},"s":{"a":0,"k":[83,83,100],"ix":6,"l":2}},"ao":0,"shapes":[{"ty":"gr","it":[{"ty":"sr","sy":1,"d":1,"pt":{"a":0,"k":5,"ix":3},"p":{"a":0,"k":[0,0],"ix":4},"r":{"a":0,"k":136.93,"ix":5},"ir":{"a":0,"k":8.735,"ix":6},"is":{"a":0,"k":0,"ix":8},"or":{"a":0,"k":17.469,"ix":7},"os":{"a":0,"k":0,"ix":9},"ix":1,"nm":"Polystar Path 1","mn":"ADBE Vector Shape - Star","hd":false},{"ty":"fl","c":{"a":0,"k":[1,0.814783253389,0.439767186782,1],"ix":4},"o":{"a":0,"k":100,"ix":5},"r":1,"bm":0,"nm":"Fill 1","mn":"ADBE Vector Graphic - Fill","hd":false},{"ty":"tr","p":{"a":0,"k":[305.5,-121],"ix":2},"a":{"a":0,"k":[0,0],"ix":1},"s":{"a":0,"k":[100,100],"ix":3},"r":{"a":0,"k":0,"ix":6},"o":{"a":0,"k":100,"ix":7},"sk":{"a":0,"k":0,"ix":4},"sa":{"a":0,"k":0,"ix":5},"nm":"Transform"}],"nm":"Polystar 1","np":3,"cix":2,"bm":0,"ix":1,"mn":"ADBE Vector Group","hd":false}],"ip":0,"op":213.999981477653,"st":0,"bm":0},{"ddd":0,"ind":14,"ty":4,"nm":"Shape Layer 4","sr":1,"ks":{"o":{"a":0,"k":100,"ix":11},"r":{"a":0,"k":0,"ix":10},"p":{"a":1,"k":[{"i":{"x":0.667,"y":1},"o":{"x":0.333,"y":0},"t":0,"s":[874.5,159,0],"to":[-13.667,-3,0],"ti":[13.667,3,0]},{"t":245.999978707956,"s":[792.5,141,0]}],"ix":2,"l":2},"a":{"a":0,"k":[308.065,-119.355,0],"ix":1,"l":2},"s":{"a":0,"k":[58,58,100],"ix":6,"l":2}},"ao":0,"shapes":[{"ty":"gr","it":[{"ty":"sr","sy":1,"d":1,"pt":{"a":0,"k":5,"ix":3},"p":{"a":0,"k":[0,0],"ix":4},"r":{"a":0,"k":136.93,"ix":5},"ir":{"a":0,"k":8.735,"ix":6},"is":{"a":0,"k":0,"ix":8},"or":{"a":0,"k":17.469,"ix":7},"os":{"a":0,"k":0,"ix":9},"ix":1,"nm":"Polystar Path 1","mn":"ADBE Vector Shape - Star","hd":false},{"ty":"fl","c":{"a":0,"k":[1,0.814783253389,0.439767186782,1],"ix":4},"o":{"a":0,"k":100,"ix":5},"r":1,"bm":0,"nm":"Fill 1","mn":"ADBE Vector Graphic - Fill","hd":false},{"ty":"tr","p":{"a":0,"k":[305.5,-121],"ix":2},"a":{"a":0,"k":[0,0],"ix":1},"s":{"a":0,"k":[100,100],"ix":3},"r":{"a":0,"k":0,"ix":6},"o":{"a":0,"k":100,"ix":7},"sk":{"a":0,"k":0,"ix":4},"sa":{"a":0,"k":0,"ix":5},"nm":"Transform"}],"nm":"Polystar 1","np":3,"cix":2,"bm":0,"ix":1,"mn":"ADBE Vector Group","hd":false}],"ip":0,"op":213.999981477653,"st":0,"bm":0},{"ddd":0,"ind":15,"ty":4,"nm":"Shape Layer 1","sr":1,"ks":{"o":{"a":0,"k":100,"ix":11},"r":{"a":0,"k":0,"ix":10},"p":{"a":1,"k":[{"i":{"x":0.667,"y":1},"o":{"x":0.333,"y":0},"t":0,"s":[786.5,353,0],"to":[0,0.833,0],"ti":[0,-0.833,0]},{"t":238.999979313827,"s":[786.5,358,0]}],"ix":2,"l":2},"a":{"a":0,"k":[308.065,-119.355,0],"ix":1,"l":2},"s":{"a":0,"k":[39,39,100],"ix":6,"l":2}},"ao":0,"shapes":[{"ty":"gr","it":[{"ty":"sr","sy":1,"d":1,"pt":{"a":0,"k":5,"ix":3},"p":{"a":0,"k":[0,0],"ix":4},"r":{"a":0,"k":136.93,"ix":5},"ir":{"a":0,"k":8.735,"ix":6},"is":{"a":0,"k":0,"ix":8},"or":{"a":0,"k":17.469,"ix":7},"os":{"a":0,"k":0,"ix":9},"ix":1,"nm":"Polystar Path 1","mn":"ADBE Vector Shape - Star","hd":false},{"ty":"fl","c":{"a":0,"k":[1,0.814783253389,0.439767186782,1],"ix":4},"o":{"a":0,"k":100,"ix":5},"r":1,"bm":0,"nm":"Fill 1","mn":"ADBE Vector Graphic - Fill","hd":false},{"ty":"tr","p":{"a":0,"k":[305.5,-121],"ix":2},"a":{"a":0,"k":[0,0],"ix":1},"s":{"a":0,"k":[100,100],"ix":3},"r":{"a":0,"k":0,"ix":6},"o":{"a":0,"k":100,"ix":7},"sk":{"a":0,"k":0,"ix":4},"sa":{"a":0,"k":0,"ix":5},"nm":"Transform"}],"nm":"Polystar 1","np":3,"cix":2,"bm":0,"ix":1,"mn":"ADBE Vector Group","hd":false}],"ip":0,"op":213.999981477653,"st":0,"bm":0},{"ddd":0,"ind":16,"ty":2,"nm":"linkeDin","refId":"image_0","sr":1,"ks":{"o":{"a":0,"k":100,"ix":11},"r":{"a":0,"k":0,"ix":10},"p":{"a":0,"k":[463.211,350.12,0],"ix":2,"l":2},"a":{"a":0,"k":[14.909,13.454,0],"ix":1,"l":2},"s":{"a":0,"k":[100,100,100],"ix":6,"l":2}},"ao":0,"ip":0,"op":213.999981477653,"st":0,"bm":0},{"ddd":0,"ind":17,"ty":2,"nm":"planet_2","refId":"image_1","sr":1,"ks":{"o":{"a":0,"k":100,"ix":11},"r":{"a":0,"k":0,"ix":10},"p":{"a":0,"k":[462.6,350.76,0],"ix":2,"l":2},"a":{"a":0,"k":[130.2,130.2,0],"ix":1,"l":2},"s":{"a":0,"k":[100,100,100],"ix":6,"l":2}},"ao":0,"ip":0,"op":213.999981477653,"st":0,"bm":0},{"ddd":0,"ind":18,"ty":2,"nm":"planet","refId":"image_2","sr":1,"ks":{"o":{"a":0,"k":100,"ix":11},"r":{"a":0,"k":0,"ix":10},"p":{"a":0,"k":[624.28,684.146,0],"ix":2,"l":2},"a":{"a":0,"k":[614.4,236.974,0],"ix":1,"l":2},"s":{"a":0,"k":[100,100,100],"ix":6,"l":2}},"ao":0,"ip":0,"op":213.999981477653,"st":0,"bm":0},{"ddd":0,"ind":19,"ty":2,"nm":"flag","refId":"image_3","sr":1,"ks":{"o":{"a":0,"k":100,"ix":11},"r":{"a":1,"k":[{"i":{"x":[0],"y":[0.995]},"o":{"x":[0.333],"y":[0]},"t":0,"s":[26]},{"t":10.9999990479167,"s":[-26]}],"ix":10},"p":{"a":0,"k":[675.937,502.574,0],"ix":2,"l":2},"a":{"a":0,"k":[2.909,21.364,0],"ix":1,"l":2},"s":{"a":0,"k":[100,100,100],"ix":6,"l":2}},"ao":0,"ip":0,"op":213.999981477653,"st":0,"bm":0},{"ddd":0,"ind":20,"ty":2,"nm":"postman","refId":"image_4","sr":1,"ks":{"o":{"a":0,"k":100,"ix":11},"r":{"a":0,"k":0,"ix":10},"p":{"a":0,"k":[722.747,574.263,0],"ix":2,"l":2},"a":{"a":0,"k":[108.653,84.599,0],"ix":1,"l":2},"s":{"a":0,"k":[100,100,100],"ix":6,"l":2}},"ao":0,"ip":0,"op":213.999981477653,"st":0,"bm":0},{"ddd":0,"ind":21,"ty":2,"nm":"folio","refId":"image_5","sr":1,"ks":{"o":{"a":0,"k":100,"ix":11},"r":{"a":0,"k":0,"ix":10},"p":{"a":1,"k":[{"i":{"x":0.736,"y":0.99},"o":{"x":0.214,"y":0.006},"t":0,"s":[591.303,509.302,0],"to":[-114.167,-4.5,0],"ti":[-88.833,41.5,0]},{"t":64.9999943740534,"s":[458.303,356.302,0]}],"ix":2,"l":2},"a":{"a":0,"k":[42.314,60.785,0],"ix":1,"l":2},"s":{"a":1,"k":[{"i":{"x":[0.833,0.833,0.833],"y":[0.833,0.833,0.833]},"o":{"x":[0.167,0.167,0.167],"y":[0.167,0.167,0.167]},"t":0,"s":[99,99,100]},{"t":64.9999943740534,"s":[0,0,100]}],"ix":6,"l":2}},"ao":0,"ef":[{"ty":34,"nm":"Puppet","np":6,"mn":"ADBE FreePin3","ix":1,"en":1,"ef":[{"ty":7,"nm":"Puppet Engine","mn":"ADBE FreePin3 Puppet Engine","ix":1,"v":{"a":0,"k":2,"ix":1}},{"ty":0,"nm":"Mesh Rotation Refinement","mn":"ADBE FreePin3 Auto Rotate Pins","ix":2,"v":{"a":0,"k":20,"ix":2}},{"ty":7,"nm":"On Transparent","mn":"ADBE FreePin3 On Transparent","ix":3,"v":{"a":0,"k":0,"ix":3}},{"ty":23.9759979248047,"nm":"arap","np":3,"mn":"ADBE FreePin3 ARAP Group","ix":4,"en":1,"ef":[{"ty":6,"nm":"Auto-traced Shapes","mn":"ADBE FreePin3 Outlines","ix":1,"v":0},{"ty":1,"nm":"Mesh","np":3,"mn":"ADBE FreePin3 Mesh Group","ix":2,"en":1,"ef":[{"nm":"Mesh 2","np":8,"mn":"ADBE FreePin3 Mesh Atom","ix":1,"en":1,"ef":[{"ty":6,"nm":"Mesh","mn":"ADBE FreePin3 Mesh","ix":1,"v":0},{"ty":0,"nm":"Triangles","mn":"ADBE FreePin3 Mesh Tri Count","ix":2,"v":{"a":0,"k":50,"ix":2}},{"ty":0,"nm":"Density","mn":"ADBE FreePin3 Mesh Tri Density","ix":3,"v":{"a":0,"k":10,"ix":3}},{"ty":0,"nm":"Expansion","mn":"ADBE FreePin3 Mesh Expansion","ix":4,"v":{"a":0,"k":3,"ix":4}},{"nm":"Deform","np":3,"mn":"ADBE FreePin3 PosPins","ix":5,"en":1,"ef":[{"nm":"Puppet Pin 2","np":7,"mn":"ADBE FreePin3 PosPin Atom","ix":1,"en":1,"ef":[{"ty":3,"nm":"Vertex Offset","mn":"ADBE FreePin3 PosPin Vtx Offset","ix":1,"v":{"a":0,"k":[0,0],"ix":1}},{"ty":0,"nm":"Vertex Index","mn":"ADBE FreePin3 PosPin Vtx Index","ix":2,"v":{"a":0,"k":14,"ix":2}},{"ty":7,"nm":"Pin Type","mn":"ADBE FreePin3 PosPin Type","ix":3,"v":{"a":0,"k":1,"ix":3}},{"ty":3,"nm":"Position","mn":"ADBE FreePin3 PosPin Position","ix":4,"v":{"a":0,"k":[589,566],"ix":4}},{"ty":0,"nm":"Scale","mn":"ADBE FreePin3 PosPin Scale","ix":5,"v":{"a":0,"k":100,"ix":5}},{"ty":0,"nm":"Rotation","mn":"ADBE FreePin3 PosPin Rotation","ix":6,"v":{"a":0,"k":0,"ix":6}}]},{"nm":"Puppet Pin 1","np":7,"mn":"ADBE FreePin3 PosPin Atom","ix":2,"en":1,"ef":[{"ty":3,"nm":"Vertex Offset","mn":"ADBE FreePin3 PosPin Vtx Offset","ix":1,"v":{"a":0,"k":[0,0],"ix":1}},{"ty":0,"nm":"Vertex Index","mn":"ADBE FreePin3 PosPin Vtx Index","ix":2,"v":{"a":0,"k":15,"ix":2}},{"ty":7,"nm":"Pin Type","mn":"ADBE FreePin3 PosPin Type","ix":3,"v":{"a":0,"k":1,"ix":3}},{"ty":3,"nm":"Position","mn":"ADBE FreePin3 PosPin Position","ix":4,"v":{"a":0,"k":[580,524],"ix":4}},{"ty":0,"nm":"Scale","mn":"ADBE FreePin3 PosPin Scale","ix":5,"v":{"a":0,"k":100,"ix":5}},{"ty":0,"nm":"Rotation","mn":"ADBE FreePin3 PosPin Rotation","ix":6,"v":{"a":0,"k":0,"ix":6}}]}]},{"nm":"Overlap","np":1,"mn":"ADBE FreePin3 HghtPins","ix":6,"en":1,"ef":[]},{"nm":"Stiffness","np":1,"mn":"ADBE FreePin3 StarchPins","ix":7,"en":1,"ef":[]}]},{"nm":"Mesh 1","np":8,"mn":"ADBE FreePin3 Mesh Atom","ix":2,"en":1,"ef":[{"ty":6,"nm":"Mesh","mn":"ADBE FreePin3 Mesh","ix":1,"v":0},{"ty":0,"nm":"Triangles","mn":"ADBE FreePin3 Mesh Tri Count","ix":2,"v":{"a":0,"k":50,"ix":2}},{"ty":0,"nm":"Density","mn":"ADBE FreePin3 Mesh Tri Density","ix":3,"v":{"a":0,"k":10,"ix":3}},{"ty":0,"nm":"Expansion","mn":"ADBE FreePin3 Mesh Expansion","ix":4,"v":{"a":0,"k":3,"ix":4}},{"nm":"Deform","np":7,"mn":"ADBE FreePin3 PosPins","ix":5,"en":1,"ef":[{"nm":"Puppet Pin 6","np":7,"mn":"ADBE FreePin3 PosPin Atom","ix":1,"en":1,"ef":[{"ty":3,"nm":"Vertex Offset","mn":"ADBE FreePin3 PosPin Vtx Offset","ix":1,"v":{"a":0,"k":[0,0],"ix":1}},{"ty":0,"nm":"Vertex Index","mn":"ADBE FreePin3 PosPin Vtx Index","ix":2,"v":{"a":0,"k":21,"ix":2}},{"ty":7,"nm":"Pin Type","mn":"ADBE FreePin3 PosPin Type","ix":3,"v":{"a":0,"k":1,"ix":3}},{"ty":3,"nm":"Position","mn":"ADBE FreePin3 PosPin Position","ix":4,"v":{"a":0,"k":[608,509],"ix":4}},{"ty":0,"nm":"Scale","mn":"ADBE FreePin3 PosPin Scale","ix":5,"v":{"a":0,"k":100,"ix":5}},{"ty":0,"nm":"Rotation","mn":"ADBE FreePin3 PosPin Rotation","ix":6,"v":{"a":0,"k":0,"ix":6}}]},{"nm":"Puppet Pin 5","np":7,"mn":"ADBE FreePin3 PosPin Atom","ix":2,"en":1,"ef":[{"ty":3,"nm":"Vertex Offset","mn":"ADBE FreePin3 PosPin Vtx Offset","ix":1,"v":{"a":0,"k":[0,0],"ix":1}},{"ty":0,"nm":"Vertex Index","mn":"ADBE FreePin3 PosPin Vtx Index","ix":2,"v":{"a":0,"k":22,"ix":2}},{"ty":7,"nm":"Pin Type","mn":"ADBE FreePin3 PosPin Type","ix":3,"v":{"a":0,"k":1,"ix":3}},{"ty":3,"nm":"Position","mn":"ADBE FreePin3 PosPin Position","ix":4,"v":{"a":0,"k":[578,509],"ix":4}},{"ty":0,"nm":"Scale","mn":"ADBE FreePin3 PosPin Scale","ix":5,"v":{"a":0,"k":100,"ix":5}},{"ty":0,"nm":"Rotation","mn":"ADBE FreePin3 PosPin Rotation","ix":6,"v":{"a":0,"k":0,"ix":6}}]},{"nm":"Puppet Pin 4","np":7,"mn":"ADBE FreePin3 PosPin Atom","ix":3,"en":1,"ef":[{"ty":3,"nm":"Vertex Offset","mn":"ADBE FreePin3 PosPin Vtx Offset","ix":1,"v":{"a":0,"k":[0,0],"ix":1}},{"ty":0,"nm":"Vertex Index","mn":"ADBE FreePin3 PosPin Vtx Index","ix":2,"v":{"a":0,"k":23,"ix":2}},{"ty":7,"nm":"Pin Type","mn":"ADBE FreePin3 PosPin Type","ix":3,"v":{"a":0,"k":1,"ix":3}},{"ty":3,"nm":"Position","mn":"ADBE FreePin3 PosPin Position","ix":4,"v":{"a":0,"k":[561,505],"ix":4}},{"ty":0,"nm":"Scale","mn":"ADBE FreePin3 PosPin Scale","ix":5,"v":{"a":0,"k":100,"ix":5}},{"ty":0,"nm":"Rotation","mn":"ADBE FreePin3 PosPin Rotation","ix":6,"v":{"a":0,"k":0,"ix":6}}]},{"nm":"Puppet Pin 3","np":7,"mn":"ADBE FreePin3 PosPin Atom","ix":4,"en":1,"ef":[{"ty":3,"nm":"Vertex Offset","mn":"ADBE FreePin3 PosPin Vtx Offset","ix":1,"v":{"a":0,"k":[0,0],"ix":1}},{"ty":0,"nm":"Vertex Index","mn":"ADBE FreePin3 PosPin Vtx Index","ix":2,"v":{"a":0,"k":24,"ix":2}},{"ty":7,"nm":"Pin Type","mn":"ADBE FreePin3 PosPin Type","ix":3,"v":{"a":0,"k":1,"ix":3}},{"ty":3,"nm":"Position","mn":"ADBE FreePin3 PosPin Position","ix":4,"v":{"a":0,"k":[630,495],"ix":4}},{"ty":0,"nm":"Scale","mn":"ADBE FreePin3 PosPin Scale","ix":5,"v":{"a":0,"k":100,"ix":5}},{"ty":0,"nm":"Rotation","mn":"ADBE FreePin3 PosPin Rotation","ix":6,"v":{"a":0,"k":0,"ix":6}}]},{"nm":"Puppet Pin 2","np":7,"mn":"ADBE FreePin3 PosPin Atom","ix":5,"en":1,"ef":[{"ty":3,"nm":"Vertex Offset","mn":"ADBE FreePin3 PosPin Vtx Offset","ix":1,"v":{"a":0,"k":[0,0],"ix":1}},{"ty":0,"nm":"Vertex Index","mn":"ADBE FreePin3 PosPin Vtx Index","ix":2,"v":{"a":0,"k":25,"ix":2}},{"ty":7,"nm":"Pin Type","mn":"ADBE FreePin3 PosPin Type","ix":3,"v":{"a":0,"k":1,"ix":3}},{"ty":3,"nm":"Position","mn":"ADBE FreePin3 PosPin Position","ix":4,"v":{"a":0,"k":[625,452],"ix":4}},{"ty":0,"nm":"Scale","mn":"ADBE FreePin3 PosPin Scale","ix":5,"v":{"a":0,"k":100,"ix":5}},{"ty":0,"nm":"Rotation","mn":"ADBE FreePin3 PosPin Rotation","ix":6,"v":{"a":0,"k":0,"ix":6}}]},{"nm":"Puppet Pin 1","np":7,"mn":"ADBE FreePin3 PosPin Atom","ix":6,"en":1,"ef":[{"ty":3,"nm":"Vertex Offset","mn":"ADBE FreePin3 PosPin Vtx Offset","ix":1,"v":{"a":0,"k":[0,0],"ix":1}},{"ty":0,"nm":"Vertex Index","mn":"ADBE FreePin3 PosPin Vtx Index","ix":2,"v":{"a":0,"k":26,"ix":2}},{"ty":7,"nm":"Pin Type","mn":"ADBE FreePin3 PosPin Type","ix":3,"v":{"a":0,"k":1,"ix":3}},{"ty":3,"nm":"Position","mn":"ADBE FreePin3 PosPin Position","ix":4,"v":{"a":0,"k":[552,457],"ix":4}},{"ty":0,"nm":"Scale","mn":"ADBE FreePin3 PosPin Scale","ix":5,"v":{"a":0,"k":100,"ix":5}},{"ty":0,"nm":"Rotation","mn":"ADBE FreePin3 PosPin Rotation","ix":6,"v":{"a":0,"k":0,"ix":6}}]}]},{"nm":"Overlap","np":1,"mn":"ADBE FreePin3 HghtPins","ix":6,"en":1,"ef":[]},{"nm":"Stiffness","np":1,"mn":"ADBE FreePin3 StarchPins","ix":7,"en":1,"ef":[]}]}]}]}]}],"ip":0,"op":213.999981477653,"st":0,"bm":0},{"ddd":0,"ind":22,"ty":2,"nm":"Coroa","refId":"image_6","sr":1,"ks":{"o":{"a":0,"k":100,"ix":11},"r":{"a":0,"k":0,"ix":10},"p":{"a":0,"k":[449.898,321.748,0],"ix":2,"l":2},"a":{"a":0,"k":[14.407,12.727,0],"ix":1,"l":2},"s":{"a":0,"k":[100,100,100],"ix":6,"l":2}},"ao":0,"ip":0,"op":213.999981477653,"st":0,"bm":0},{"ddd":0,"ind":23,"ty":2,"nm":"baclgrpind","refId":"image_7","sr":1,"ks":{"o":{"a":0,"k":100,"ix":11},"r":{"a":0,"k":0,"ix":10},"p":{"a":0,"k":[595.983,421.257,0],"ix":2,"l":2},"a":{"a":0,"k":[597.777,423.959,0],"ix":1,"l":2},"s":{"a":0,"k":[100,100,100],"ix":6,"l":2}},"ao":0,"ip":0,"op":213.999981477653,"st":0,"bm":0}]}],"layers":[{"ddd":0,"ind":1,"ty":0,"nm":"linkedin","refId":"comp_0","sr":1,"ks":{"o":{"a":1,"k":[{"i":{"x":[0.833],"y":[0.833]},"o":{"x":[0.167],"y":[0.167]},"t":193,"s":[100]},{"t":213.999981477653,"s":[0]}],"ix":11},"r":{"a":0,"k":0,"ix":10},"p":{"a":0,"k":[595.5,421,0],"ix":2,"l":2},"a":{"a":0,"k":[595.5,421,0],"ix":1,"l":2},"s":{"a":0,"k":[100,100,100],"ix":6,"l":2}},"ao":0,"w":1191,"h":842,"ip":0,"op":213.999981477653,"st":0,"bm":0}],"markers":[]}